genes,rank
CD2,334.4836897551665
MBP,272.63652295863227
CD69,247.82992703914456
GZMA,232.81463318093427
CD3E,224.8159461524673
CD52,216.1481200847282
IL2RG,207.72761067926237
CCL5,204.7825915668476
DUSP2,197.65576031516602
TRBC2,192.77295997869828
TXNIP,182.35980967659248
CD3D,176.18528048636432
IL32,174.30398584151018
PTPRC,173.52460710890932
PTPRCAP,169.7587599376984
HLA-B,169.59187672494534
GBP5,162.14846926114953
HLA-C,155.5707893474119
CYTIP,153.34455796429873
LCP1,149.31700055276502
RAC2,146.66347671901545
TRAF3IP3,146.4311985446091
GZMK,143.6999202954747
CD3G,140.29353500928912
HCST,139.45407621019783
GIMAP7,133.4244272318512
CST7,132.51607493653003
CORO1A,131.90347013762545
BTG1,119.08748221441229
ARL4C,115.1604153981723
RESF1,112.98125513183955
EVL,111.99506629554605
ZFP36L2,109.58687319405433
LEPROTL1,107.83347227920424
IKZF3,107.40178342611122
RPS29,106.53205971767693
CTSW,105.98530571485114
RPS10,104.96993346044849
ACAP1,103.00758892709966
LINC01138,98.8065404895406
SH3BGRL3,95.40382352893968
TBC1D10C,91.6227922277257
SKAP1,91.33320787512916
SEPTIN1,89.81845122451172
HLA-F,88.422004313426
LCK,87.61517854099502
HLA-A,87.35133803663135
EMB,86.81555632411117
FAU,86.10514744592716
TRAC,83.89141053762467
CXCR4,82.87633143107145
TC2N,82.83977816195576
RPS27,82.32446164660169
CCNH,81.2069091411488
RPL36AL,78.94276601159936
PLAAT4,78.05906445202064
RPL28,76.9792590145555
ISG20,76.84312600307584
BATF,76.23216660276866
OXNAD1,74.63307671890304
LSP1,74.01958025921408
PARP8,73.64532040263963
PCED1B-AS1,72.30422461141403
SARAF,71.13556562773665
ZAP70,71.06537691516522
S100A4,70.5644828797528
RNF213,70.08579593699787
DNAJB1,69.82314692960841
RPS15A,69.72193822555634
HLA-E,68.69475466604042
CD44,67.30989749964495
RPS12,67.23853457779906
IKZF1,67.07216846006108
CD96,64.6667274805728
TNFAIP3,63.59748708704154
RPS3,63.155989219987994
ANKRD12,62.371085229497155
ITK,61.88974179624218
WIPF1,61.54116630975682
TAGAP,60.85774378311459
RPS26,60.76389471366681
RPS25,59.16593428787144
RPS27A,58.87296647892191
IFITM1,58.75506400408774
PSMB9,58.66684958450805
LTB,58.18953719394163
STK17B,57.766281554737624
STK4,56.786439436250426
ARHGEF1,56.191791775190445
TOMM7,55.81567801558107
RPL30,54.90550672718895
RPL18A,54.37930308047722
RPL41,53.93254057505618
LIME1,53.7667674119797
PYHIN1,53.762701055931615
RPS21,53.72867260161081
GMFG,51.89225577733224
NKG7,51.801004804811704
LIMD2,51.62929752541566
LINC00861,51.50433139296839
RPL35A,51.490975273330065
RPL23A,50.3087629017418
CDC42SE2,49.798230768966896
RHOH,49.57257382740062
GIMAP4,49.136389390062135
LINC01871,48.74696749335042
ETS1,48.594648773765215
LCP2,48.47182921015455
FNBP1,47.99836024025869
SOCS1,47.58417099408749
PDE7A,47.3621670721564
LY6E,47.255949592797904
PTPN22,47.094652080534765
PSME1,46.831105304054994
RPS19,46.78860905915589
CD53,46.40254492902824
RPL34,46.1187976538605
RPS15,45.74725916373343
CD8A,45.56387353612463
SH2D2A,44.93752592612143
AKNA,44.057271873597365
ARL6IP5,43.9988939709348
CTLA4,43.53407057311489
CD247,43.23076287207775
DDIT4,42.94416366853853
PPDPF,42.642472526620885
PFDN5,42.58851903459216
TMC8,42.560455017525776
CLEC2D,42.16270837281912
CDKN1B,41.744788822125074
RPL19,41.559267560467774
APOBEC3G,41.368013121595624
DUSP1,41.34604615792304
IL10RA,41.134165415564
ITGA4,40.73496893678252
CD37,40.629361646428976
GPSM3,40.17186925177802
S100A10,39.84740852566406
VAMP2,39.81428595316539
SEPTIN6,39.80168793100116
CYFIP2,39.60731837804101
SLFN5,39.601545003136785
DEF6,39.088452190715635
ARHGDIB,39.07312772041988
FYB1,38.99971605076968
SH2D1A,38.97692979851596
RPS7,38.183958675450604
RPS18,38.167546674597915
GSTK1,38.03613081803637
GZMH,38.02748404187129
RPS14,37.85664013276233
DOCK8,37.54927167890907
CD7,37.479399509925386
LAT,37.26861019089463
GPR174,36.90223217621195
CD27,36.88863830433121
CD48,36.85980741751338
ARHGAP9,36.84117913834635
PIP4K2A,36.258949621797115
RPL18,35.9778574529589
SPOCK2,35.928713336299936
CNBP,35.3057888217624
CLEC2B,35.12850749037445
SAMD3,34.855932384696764
RPL24,34.62490674772649
EEF1D,34.57967788113484
RPL14,34.510226889646724
AHNAK,34.375548325920306
PTP4A2,34.34374940971504
RPL7A,33.91692244079882
RASAL3,33.91254742688235
GPRIN3,33.63480139199184
TMA7,33.61785355307933
BCL11B,33.4762771148364
HINT1,33.46735385888999
CASP8,33.387709730343175
ANKRD44,33.227211808267455
RPSA,33.200440032902655
EMP3,32.994289908991185
WAS,32.907223773105834
GYPC,32.75399774080648
SYNE2,32.50779290519713
FYN,32.457816537391494
ARHGAP30,32.322068166079475
S100A6,31.526766456634633
FXYD5,31.353825419816552
THEMIS,31.086120673926352
TUBA4A,30.979153038544347
SP140,30.890236680674015
TRBC1,30.866534320671345
SNRPD2,30.522994558184898
SIT1,30.488863025655363
ITGB2,30.359697620535854
ICAM3,29.988681456205452
RUNX3,29.620905987618343
RPL36,29.560092164704738
RASGRP1,29.33985720225229
RPL10,29.28839364627781
KLRK1,29.049257249978357
COMMD6,29.02156892946109
TLE5,28.783273925037257
TAP1,28.699073841624436
CCND3,28.549366885180305
IL7R,28.179603341528715
NFATC2,28.152480413379024
RPL6,28.008812363801084
IL2RB,27.928598259015143
FCMR,27.90462145811624
DPP7,27.803195971367664
IRF1,27.66632473781415
TOX,27.647708420763596
CTSC,26.614772143502645
PCBP1,26.51306191642401
GZMM,26.38511735747206
ARHGAP45,26.234258118008658
PTGER4,26.113233193219145
RPL13,26.111024379528665
TRG-AS1,26.036511686923664
TIGIT,26.03429044165352
PAXX,26.023196152247436
PET100,26.015977806566276
HSPA1B,26.00106030528854
SEMA4D,25.97922436317161
PIK3IP1,25.84278215650689
SASH3,25.675009885266352
SMCHD1,25.671932012166362
NOP53,25.630259901627735
ARF6,25.559988039765877
RPL37A,25.556140190318995
RBL2,25.271131892498783
SUN2,25.264159768258107
RPS4X,25.206232606609962
SLC38A1,25.133130978000743
CBLB,25.10264052675536
PRMT2,24.81038212119235
IL16,24.80089645266405
CKLF,24.798418836019188
MBNL1,24.699565935677974
CCDC88C,24.442601476009045
ARHGAP15,24.362364789813594
YPEL3,24.297965772164698
CD8B,24.094656676106272
SYNRG,24.056346890025797
STK17A,24.018065261612563
PIM1,23.975471743414513
TRIM22,23.932682284104462
SP100,23.84686353075359
SIRPG,23.651998264610945
MPHOSPH8,23.58300131812093
RABGAP1L,23.575503979887774
STAT4,23.570054933058397
SAMSN1,23.212690970371078
GIMAP5,23.199993105505165
ARAP2,22.71762516687134
RPL21,22.6135687796443
CIRBP,22.52408288137389
SNHG6,22.30758368564835
DIAPH1,22.24654950489771
PSTPIP1,22.14907429307412
PPP1R18,22.009056895011344
PTPN7,21.922572088848224
RPL11,21.842497713228646
CD5,21.64511592473596
CXCR6,21.612237227970677
DOK2,21.591901571759145
PRF1,21.566085855672068
MYL12A,21.561606239677772
GNG2,21.499744989316564
CXCR3,21.183906392427076
RPL17,21.130907291451408
EIF3G,21.030846487483867
GRAP2,20.909333237498227
ERN1,20.745678045476023
IFI16,20.58827983967444
RPL32,20.404883075493938
ITGAL,20.39376287991829
LPXN,20.3802168057158
PCED1B,20.305132931748446
PIK3R1,20.27519851532609
PFN1,20.270921209846744
TERF2IP,20.268355249037807
SLA2,20.172643363422498
ANAPC16,20.113529009852037
ITGB2-AS1,20.078366808484628
TRAF1,20.053322442426598
RPL29,19.955832134295925
DAZAP2,19.935995734591145
SPN,19.826300082399268
CD6,19.788955526730323
DENND2D,19.659926727125345
PRDM1,19.535062140845124
PPP2R5C,19.438238438190197
RPL39,19.28130413287374
ALDOA,19.263282765713544
ZRANB2,19.139820244534388
CHST12,19.001077243479553
EML4,18.97159577884053
APRT,18.920954022779807
SLA,18.778044841330473
UBL5,18.75148971747884
ATP5MG,18.72644246254563
RPL37,18.5552251193928
TMEM259,18.538107612947208
SP110,18.45982109362233
TECR,18.44176450179422
DUSP4,18.40657719613299
APOBEC3C,18.374875631665052
CISH,18.33459203343339
TSTD1,18.3074141766631
RPL26,18.258262816938178
USP15,18.24316239346922
KLRG1,18.152103762688782
ATP8A1,17.965823476066973
RPL8,17.84383334371838
AAK1,17.790441810355123
IFITM2,17.741696294910504
CAMK4,17.741364642569163
EIF4E3,17.73228221123463
CDK6,17.676178592048455
MYCBP2,17.6480947421658
SUB1,17.570021358836474
RPLP2,17.565590927719605
PPP1CA,17.503027421666644
PSMB10,17.47456515251377
HCLS1,17.246967273190656
ICOS,17.24498257834134
CELF2,17.199405607170483
CRIP1,17.125660357402055
UBA52,17.104282400314524
BUB3,17.043933328321334
PSMB8,16.998529106844725
TSC22D4,16.909905885030927
ARPC1B,16.87420032068928
NLRC5,16.8331299901883
DRAP1,16.820412226197686
CSK,16.699767254836758
HSPE1,16.666831579735263
APOBEC3H,16.610097294574743
RPS16,16.57490912968046
MDFIC,16.570330720391297
SEPTIN9,16.438689951822642
SYTL1,16.385966718796617
AC026979.2,16.34163355657039
RGS1,16.33025769575677
RPS3A,16.25947558590081
NDUFA13,16.230458446506923
YWHAB,16.196193809291753
NDUFA3,16.169086836628313
C12orf57,16.07383245788097
PPP1R2,16.052835718616343
RPS23,16.05159182079722
RPS13,16.032333902675
CORO1B,15.915194334375155
PDCD4,15.860288279585514
TAF10,15.839777886467857
LAG3,15.803905327846143
CFLAR,15.781542660397763
JAK3,15.742260319068544
EDF1,15.725819098832275
CD47,15.63484065419888
HMGB1,15.490814633519822
BTF3,15.454625659104423
UBASH3A,15.334992678707204
PNRC1,15.326476048134262
RPL9,15.272100930246395
RPS24,15.263095680265682
PVRIG,15.254225043976074
DOCK10,15.235253153613405
PSME2,15.228431341175211
PTPN4,15.186774338895887
ELOB,15.17353869929423
STK10,15.12495685298577
JAK1,15.075291402599222
TTC39C,14.99353610948507
SON,14.984213821006978
NDUFB8,14.893023532146481
ARHGAP4,14.825238236244095
MZT2B,14.79068651647474
INPP4B,14.779651814696798
RAP1B,14.670492295600713
ATP5MC2,14.65424048545697
TAX1BP1,14.598623098404616
UQCR11,14.519870009317136
MIF,14.447042272253533
PLP2,14.438557247985969
BTN3A2,14.431149376380459
ATP2A3,14.407602483754273
KLRB1,14.254407038342459
UGP2,13.805444109534246
MSN,13.787316145846065
CDC42SE1,13.746822513112553
RASSF5,13.632483406028125
ABHD17A,13.624940637314259
RNF167,13.60220984414119
SLC9A3R1,13.6011716790478
FAM107B,13.58864028648849
ARID5B,13.57860714940858
BOLA2B,13.52696703453817
FLT3LG,13.46114406049534
EIF3E,13.310438758301094
ZNF683,13.2797938329368
TRIR,13.266055911780695
EEF1B2,13.22844777648136
FMNL1,13.192390015211155
RPL27,13.111734130478261
NDUFA4,13.100077285541328
TNIK,12.969889635325192
SCML4,12.963048818223063
ABRACL,12.875116241819152
RPL22,12.869487504817993
TBCB,12.720025874847332
GABPB1-AS1,12.695233607254702
TRAPPC1,12.683943703552895
ARPC2,12.638488816829598
SH3KBP1,12.614586178064831
IRF9,12.608629296251312
RPS5,12.577568631094502
CHCHD2,12.573944971856172
PAIP2,12.534438365331134
HECA,12.531742390233019
SELPLG,12.513054063193396
HSP90AA1,12.470932707282511
EPC1,12.464763859899088
CHKB,12.443140819674564
PRKACB,12.390708327612343
MYO1G,12.378963692177578
ARHGEF3,12.330489347083198
CIB1,12.293543427329933
BTN3A1,12.286989412967745
PHTF2,12.247188222620657
SLC2A4RG,12.211703382063362
BIN2,12.192619556729163
RPL38,12.168460016944719
KIF2A,12.135068951836056
MAP4K1,12.09596600087842
RPL12,12.086941135251593
ADGRE5,12.058595026407612
SOD1,11.999844134920673
RPL5,11.980437114237347
RCSD1,11.937278027300726
LNPEP,11.920760049000801
AOAH,11.892645097272478
JUNB,11.869189943284164
VAMP8,11.859666142395582
RPS6KA3,11.799145371761682
RSBN1L,11.707348841874383
EPS15,11.701764857803271
RPL10A,11.698210734630683
PSMB8-AS1,11.693509401509795
RPS27L,11.586276415146724
EPB41,11.545326600781047
LBH,11.531261825618678
RPS9,11.510584134883258
ELF1,11.49705678995154
GIMAP1,11.464592770382211
APBB1IP,11.450657299968736
AC243960.1,11.4498516397797
CLIC1,11.410186483882626
TNFRSF14,11.38000676133459
WAKMAR2,11.350700735389381
GLIPR1,11.346256331251002
DDX6,11.278378984644085
ATM,11.273205096309612
C21orf91,11.206051579165493
PDE4B,11.17674059480227
ARPC3,11.166903714367335
COX7A2,11.080970155097674
UBXN1,11.032918139315488
JAML,10.979513651123154
RPL35,10.975635780754937
ATP5ME,10.934151517812243
COX7C,10.905432322973821
AC245297.3,10.865044061694816
RPL31,10.827721074126693
TESPA1,10.79551313580759
SYNE1,10.778900508477467
BPTF,10.688480734650563
SYTL3,10.64092245379184
UPF2,10.631321630898036
TAPBP,10.628472955999266
KCNAB2,10.619761548805457
PRKCH,10.607946070509245
N4BP2L2,10.60656643720556
RBM38,10.579605316471929
KPNB1,10.561121878918375
CARD16,10.5242245969126
DPYD,10.51844328223616
CASP1,10.505091773639185
RASA2,10.441098918687194
LYST,10.41741020835835
BCL2,10.395906617740215
DGKZ,10.377915828391785
PIK3CD,10.377145202425787
GBP2,10.31702638365589
IQGAP1,10.298567896428466
NSD3,10.275444767434113
C9orf78,10.248966664654699
FAM102A,10.23849079178456
RPL13A,10.223529431904621
PSMA5,10.196854856878408
EIF3K,10.19215190391822
TRMT112,10.154076980360346
BAZ1A,10.153377078196936
NACA,10.129780259260222
GCC2,10.118008638351109
PRR13,10.094945792505287
IFNG,10.0835384663001
HSPA8,9.954142404709932
APOL6,9.88290930991709
CLDND1,9.818224110645218
UCP2,9.785416544242391
SSR2,9.714476868979066
SCAF11,9.671809533718251
PRPF38B,9.638355267054527
CYBA,9.614647957953233
TRAT1,9.604917796752522
TXN,9.576315611354303
GOLGA8B,9.553834365808267
DGKA,9.51609339694904
METTL23,9.337783628761242
CNN2,9.335078572376476
SQSTM1,9.331076405988885
CREM,9.300136921684842
PNISR,9.283903923029154
OGA,9.26211216184483
RAB8B,9.25720873849368
TMBIM4,9.248589261018495
HIGD2A,9.248358628680236
ATP6V0E1,9.227121873957437
ZNF831,9.16051622262103
SF3B1,9.108322068288382
EID1,9.090660065513688
REX1BD,9.002570535197146
ATP5IF1,8.97583400987695
NSMCE3,8.9516280602794
PGK1,8.869911514736586
PARVG,8.867891745789933
SFXN1,8.852528033022947
PTGDR,8.844400041781993
UQCRB,8.827578486424411
MCUB,8.749820851816573
LAMTOR4,8.744559867143122
C5orf56,8.726737466301417
KAT2B,8.694374368088639
RHOF,8.647617627371368
LY9,8.640216615148683
ITGB7,8.616993228182272
ARPC5L,8.604730944640805
RNF125,8.580962958048467
COX8A,8.566322388309285
RPL15,8.557312514716616
GALM,8.553044908226312
PBXIP1,8.533019036452524
EVI2A,8.51126168754501
WNK1,8.458481152401436
RSBN1,8.437001375769995
TNFAIP8,8.427579994514966
NCOR1,8.38783680598805
ZNF800,8.386008250003913
TCIRG1,8.346840394795093
LINC00426,8.336422378176033
SNHG29,8.324879300787046
PPP1R35,8.320647415273932
CWF19L2,8.307134372641569
ATP2B4,8.277423814944257
NLRC3,8.267866345539552
RCAN3,8.254345671252258
UBE2D2,8.187295425124953
ADAR,8.167085793643338
RPL27A,8.165618645970705
ZNF292,8.137276754747782
ECH1,8.135706205393186
OPTN,8.119281587753875
SAP18,8.099929689759557
EVI2B,8.089319618263463
TNFSF12,8.016217274995027
SPCS1,7.944596936960248
SLAMF1,7.926634881506986
SF3B2,7.870365109486586
GTF3A,7.86078043100223
FERMT3,7.816542346458589
PBX4,7.810058233890129
PLEKHF1,7.8051534642597
KRTCAP2,7.776550842315847
ITSN2,7.760652424863475
RPL3,7.733389655016376
CCND2,7.707913873304639
NAP1L4,7.703538519311581
CREBZF,7.686856559582926
HIST1H1D,7.660764471295632
SMAP2,7.659843583512427
RAB27A,7.656444840134557
KMT2A,7.655471285267022
IK,7.653557111151192
BAX,7.639239475919551
IQGAP2,7.596979638121212
CBX3,7.5917109308084445
GATA3,7.582261823913152
OFD1,7.5754596637842155
AIP,7.569405831705157
TAF7,7.5653185701241386
PHYKPL,7.520706861642221
PSMB3,7.517225265311825
CD28,7.5083655981363195
NDUFB4,7.437237371536025
DDX18,7.383913468813016
FGFR1OP2,7.362808553280194
RNF149,7.353766445659916
PRKCQ,7.350178392868456
LRBA,7.308011426216272
ANKRD13D,7.262031771200839
MATK,7.218577646677263
EIF3F,7.173999354645928
COPS9,7.173327613298592
ITGAE,7.164410443966058
CLIP4,7.161205481996955
AC025164.1,7.152706244461925
ZNF107,7.100404596694059
STIM2,7.042198947623427
SMDT1,7.037174384056336
C4orf3,7.034779086128418
THEM4,7.027157836317075
SAMD9,7.003640961750055
SLAMF7,6.995321057008575
SH3BP1,6.983288555581106
BOD1L1,6.967259409817318
RPL7,6.9596013515590895
KDM5A,6.949638624889586
C9orf16,6.936541512097894
XRCC5,6.9223417577785185
REEP5,6.876640409794324
TNFRSF1B,6.868142655068712
LRRFIP1,6.868063901604022
SSBP4,6.862552600868645
TBC1D2B,6.849506799311359
CD58,6.845747212053174
RACK1,6.787122101175798
RBPJ,6.785885087009618
LINC01578,6.782766670733923
PRPF8,6.753214618380325
CYLD,6.748444079176055
CCNI,6.70569986385962
URI1,6.7050373821865765
RBM3,6.689484370872327
SF3B5,6.684592791797772
CAPZB,6.669647970115475
TOMM20,6.649027745307896
SNHG8,6.646756303422113
RNF166,6.637856519441388
SRGN,6.61610571664946
TNFSF8,6.60810697468984
COPB1,6.595841671438051
EIF3H,6.553328062296455
SSR4,6.515356480691801
OST4,6.509042020133438
PTGER2,6.5087618900722335
KMT2E,6.497928333716741
COX14,6.483945958543738
PHC3,6.466129792314147
PPP3CC,6.426238852472964
PNN,6.424624069800926
ARGLU1,6.4096014733439235
TMC6,6.40266958916334
RNF19A,6.383281347091015
LINC00623,6.367328445870231
CUTA,6.366230257278383
OTUB1,6.355356986176421
CCDC18-AS1,6.345127587111289
ATP5MPL,6.297834261196292
PAK2,6.2969401520372426
CENPC,6.262875976900904
KLRD1,6.238149726311499
SLC4A7,6.23629586449503
FOXO1,6.223702650769126
RPS20,6.222495331710411
UBALD2,6.217588028205692
OGT,6.199808560532627
CHMP4A,6.192342517470595
KRAS,6.173264747610702
RBBP6,6.157155757149151
RPL36A,6.151356706936268
OAZ1,6.1325648077498105
SAMD9L,6.103361632652279
PPP1R12A,6.0981142760633675
PIK3R5,6.092597598371945
ADSS,6.070080438816021
MRPL10,6.0508152553751655
UQCR10,6.047719307969119
SENP7,6.041685993486072
EIF3M,6.033354285746936
PIM2,6.02208149668076
NDUFB11,5.995714042106659
ZNF207,5.991216502277912
JPX,5.98699067837585
RBM8A,5.981539622343628
LYAR,5.9716643577660395
TTC14,5.960484504510486
CCDC107,5.922399667772776
SPSB3,5.905551342354444
MITD1,5.897566035886296
AP2B1,5.88437547468944
ANXA2R,5.8737631383438
CYTH1,5.872048511699191
RPL23,5.864298122685071
PSMA7,5.860110472034223
MAT2B,5.8476867289993395
CAPZA1,5.840791120127501
ASXL2,5.816384909677308
ATP5MD,5.811326347693239
TSEN54,5.800000147460521
XCL2,5.788761844250071
RPL4,5.767801559240338
WDR83OS,5.763939679337308
TGOLN2,5.760794307194884
UXT,5.7343221081232745
LUC7L3,5.725876407640747
HNRNPA1,5.718727856306434
TMEM258,5.711505008612246
OASL,5.7114528058642655
OCIAD2,5.7073562134069755
TRADD,5.697526287933159
TENT5C,5.683046207876114
MRPS21,5.660112890182344
IPCEF1,5.659520591422067
NLRP1,5.659353348165422
ACTR3,5.643438118456201
SLF1,5.6386936771967004
UBXN4,5.62247730607813
GBP1,5.620903412082256
TRIM56,5.618964475378871
TUT4,5.614930321294376
SDHA,5.588370653728305
GPR171,5.585065423360534
DENND1C,5.555023288537618
TRAPPC5,5.529804453376254
TOMM6,5.5193420589328435
VPS28,5.503029327331617
MZT2A,5.496830298481014
STAT1,5.48451792190463
PDCD1,5.481787589942762
NIPBL,5.465556886305313
NME3,5.437887012828419
IFI27L2,5.434466435000101
POLR3GL,5.431178029214058
CCDC12,5.419063567926565
PPIG,5.411138030529041
UQCRH,5.4075047876036875
CSNK2B,5.405273749891305
RAPGEF6,5.376671037430732
SEM1,5.373145905446775
GRK2,5.371169264805855
ZNF706,5.360612430813361
GPBP1,5.34643099162105
MAF,5.330529398585822
GABARAPL2,5.315343348855767
PREX1,5.306958264879562
CD40LG,5.305183823466117
STT3B,5.288701422583525
NFKBIA,5.276483063260204
MIEN1,5.276359458338797
PARP1,5.25285915951551
UNC13D,5.251772393379337
NT5C,5.235844838510771
CDC42EP3,5.226938554556394
UBE2B,5.218642933396467
KCNA3,5.217090716360314
COX4I1,5.2161099859668845
RNF181,5.202120842497832
SNU13,5.18910056785414
TMEM59,5.188226423087986
SUZ12,5.15788284202141
TASOR,5.140308911088755
PTBP3,5.1389237500319345
DENND1B,5.110015550521744
ATF7IP,5.085860625152484
VPS13C,5.079418522160064
MRPL54,5.07657663887442
PRKCQ-AS1,5.059821195506336
INPP4A,5.058410652709128
SLTM,5.052863142812531
ZBTB25,5.045058104041538
FKBP11,5.040846282865945
PITPNC1,5.023892454229452
RAD50,5.017718913757842
SHISA5,5.01574991203601
NSA2,4.995587001586608
SLC2A3,4.986347399762891
SYF2,4.982403909473214
DCTN3,4.980126512984722
RAD21,4.9636853028838095
PSMA1,4.947364335412584
TMEM14B,4.939801725992202
NOP58,4.930638215358983
DHX36,4.923523836712446
FAM177A1,4.9188038162062195
AKAP9,4.884066390323036
ZFYVE28,4.858146023437782
CAPN2,4.844304491718701
ARHGEF6,4.839454363929096
UBR2,4.836102617497965
NABP1,4.815443738734606
KLF13,4.811061073410692
NCF1,4.767643532211301
GIMAP6,4.764205237805514
JADE2,4.76394137409294
PPP6R1,4.7435703162069585
IL27RA,4.7350539313209605
TCEA1,4.718833765991467
CARD8,4.6972380315290225
IRF3,4.6896549714379026
AKIRIN2,4.675710471246767
C19orf53,4.673166866666249
PSMB6,4.666577115685179
ENO1,4.666027224162505
SECISBP2,4.660487639368141
ZMYM2,4.64193175647602
SUPT3H,4.63417328875614
ZC3H13,4.604300471672062
ARHGAP25,4.595951663080078
CHURC1,4.590502312833059
RORA,4.583935820983233
MIER1,4.579348874562476
XRN1,4.573744789496534
PKM,4.573683052077556
GNB2,4.5421812636749195
C4orf48,4.511180099551322
ANXA6,4.489307975843408
HMOX2,4.475919066888759
TNFSF10,4.47507765990386
RAP1A,4.467803053749882
FBXW5,4.464823812394502
MTURN,4.4590618275031195
TBX21,4.454902679700275
PTK2B,4.445195023881581
PPHLN1,4.44478905067218
ARPC4,4.420155415786036
DDB2,4.419784655189
SRRM1,4.418530690573703
DYNLRB1,4.4154331576923065
POLR2J,4.382995413977422
RNPEPL1,4.38029030750649
NDFIP1,4.3667550947833025
ATXN7,4.352702820252163
AC008105.3,4.346915734223168
RIPOR2,4.339181580605521
MALT1,4.330276385467849
PDE3B,4.301952525437384
PHF3,4.298640526731594
GPI,4.2966772741192525
HERPUD2,4.296646841031793
GMIP,4.284809678069662
PTPN6,4.270556044020168
BIRC6,4.252304466006102
SVIP,4.246013291605058
ARID5A,4.238880078163139
TES,4.237379025581381
SHFL,4.236922241449251
ZC3HAV1,4.221514909854442
PRPF40A,4.2078829513574245
SEL1L3,4.207613085115023
SRPRA,4.203852591672716
CRYBG1,4.195520043032259
PRKX,4.1920555635028425
CCAR1,4.190802144030066
NUP210,4.186591175654854
TRABD,4.181312440260732
MRPL33,4.177161776639539
MLLT6,4.168794343441878
DUSP16,4.151733750372532
TANK,4.150352024602827
ANP32E,4.121286682211259
TAF15,4.118341074088762
OGFR,4.089526850867564
PRDX2,4.072464268538347
CCDC115,4.061926496382616
MDH2,4.057249097447279
SSU72,4.0437734923197315
TRA2A,4.040599686374988
RASA3,4.036091340555633
NEDD8,4.034260629277549
MTERF4,4.028094283531599
TBCA,4.026299344191963
ERCC5,4.0090010076256295
ZBTB38,4.005610427577441
CDKN2A,3.9820245375762817
ORMDL3,3.980170557790284
ATRAID,3.979404506272625
LSM7,3.969536033939515
SNRPG,3.968204852170944
SSBP1,3.9624940580449373
PNRC2,3.9615704979643986
NDUFB2,3.9372230672075155
RABAC1,3.935239271364981
PRPF4B,3.925700213641354
DCP2,3.9147152475708427
PLCG1,3.914656109838972
METRNL,3.9127059414088325
TEX264,3.900558817990828
ASH1L,3.8939467675026154
HNRNPA0,3.8915318053164922
CIAO2B,3.886209051755532
IFNAR2,3.8861410858105527
CGGBP1,3.878104313615743
RBIS,3.8714670584395936
PPP1R16B,3.863146319033466
POLR2G,3.8532758640191718
MYO1F,3.85212624032644
ZNF33A,3.8244511712416966
POLR2B,3.8173892831327643
NCOA2,3.812949363911906
EIF4B,3.812456539585792
DOCK2,3.8097744213591085
TMEM173,3.8050047062508994
TTC17,3.791207804386707
SNRPA1,3.790162661609033
EAPP,3.789615588000806
CBFB,3.7889390705935924
IDH2,3.78760645403256
ANKRD36,3.7309937532701616
REST,3.7213308523013313
ZRSR2,3.7178260563677736
ROCK1,3.7084420095901405
CACYBP,3.706938542513793
SARS,3.699938129360386
ORAI1,3.699605015783141
RBCK1,3.687484583376669
FRG1,3.684942818989028
WDR33,3.6795505107152353
RNF145,3.6757641688017237
LMBRD1,3.674751275580243
NDUFA12,3.6717027584565414
ZNF394,3.6527359467467213
RTF1,3.650758944763814
TBRG1,3.6493025654416544
SPATA13,3.6384857147908805
TRAPPC10,3.636658206838909
NDUFB10,3.6350580765804645
DCXR,3.634661629076978
TLK1,3.631502334993115
PA2G4,3.6238502216431683
XBP1,3.62359362580942
LFNG,3.6100223492828465
SIAH2,3.585955748640295
ENO3,3.580218011596007
HMGB2,3.577687534312638
TAF1D,3.577172038117465
MRPS24,3.5745791375803844
HNRNPLL,3.571655102203243
TTC13,3.570020506523211
SELL,3.556051159816094
BLOC1S1,3.5558517704483106
ATP5PO,3.5475493082105998
SNHG9,3.5470650819589156
RSL24D1,3.5429248430379365
PSMB1,3.5427338178678918
THAP12,3.537103893768615
SF3A2,3.528025347939228
RAP1GDS1,3.524026848810216
IDS,3.521101624450211
CYBC1,3.506598238959246
PHF1,3.500006075618409
DNAJC19,3.4815723824420752
EMD,3.467430098216533
GGNBP2,3.4523095248433915
FKBP8,3.448992498046109
SIGIRR,3.443908625671466
ANXA11,3.4404688212696377
IMP3,3.421910287419238
TRPC4AP,3.407153785782175
U2SURP,3.4032159820063104
WASHC1,3.394677078965631
RNF44,3.357603060157475
LPIN2,3.3529652815885984
DGUOK,3.3517427337416525
DNAJC1,3.348699399619662
USP36,3.3459177850540303
IRF2,3.3340396802467005
PJA2,3.3333937870248014
RAB11FIP1,3.332451088448654
MAPRE2,3.331183005744498
CAB39,3.3297735717864136
ZNF267,3.3239850342160904
RAB1B,3.305268298105166
TRANK1,3.3038225242776367
SNRNP200,3.2961830717372926
SNRPB,3.291826086549394
KDM4C,3.2821135349654407
GPR65,3.272030321002504
ACAP2,3.2614771917529572
DCAF16,3.2599324736119804
G3BP2,3.2499830162403778
MMP25-AS1,3.246912677938064
PSMD8,3.243774378531163
GSDMD,3.2265143265402103
GABARAPL1,3.225157050623904
RC3H1,3.2164099134236483
PDE4DIP,3.212503409071477
ERP29,3.181008429988212
NDUFV1,3.179616604968059
TTC1,3.1629746404350745
POM121C,3.158910340500414
SCAND1,3.1426459670099374
DNMT1,3.141759580715121
CITED2,3.1329683636297325
LSM6,3.127179618316705
COMMD7,3.111698263331938
MYBL1,3.110722781893169
CTCF,3.1033689833109164
PCSK7,3.0976306891557255
CREBRF,3.096818292067872
GOLPH3,3.091676588866762
CMC2,3.0761210769769347
CPNE1,3.074988874746134
ZNF217,3.0691559803522397
NDUFV2,3.0686327937091495
MED10,3.0583224364200534
FGD3,3.046063213099483
KMT2C,3.030507119153844
PTPN1,2.9869747019455075
COX7A2L,2.985250351127819
PTPRJ,2.984709217986202
PDCD2,2.9823204528927514
XRCC6,2.975293215556988
DYNLT1,2.962494008945295
TMX4,2.9594600592141176
GAS5,2.9416529553141424
ZBTB7A,2.937348982128022
ARRB2,2.9333457955471527
GNPTAB,2.9248466882271726
MRPL57,2.920361698015503
TWF2,2.9171551018276727
STUB1,2.917087061081183
NELFCD,2.905332789919873
GRK6,2.899096336127205
MED4,2.8806289489976704
MRPS34,2.8766405753591022
EIF2S3,2.8613674617307954
MYO5A,2.839913946066893
IAH1,2.8205852642719993
AP1G2,2.811604709824905
USP25,2.809178714389123
JTB,2.7996352488097185
CEBPB,2.7994182322899714
MARK3,2.787106104264353
C7orf50,2.7706296612652106
PIH1D1,2.767843603376327
RALGDS,2.7634916240362424
NEK7,2.761878553798053
MED15,2.7386612901129133
EIF3D,2.7353365492295154
DDX50,2.734334002605564
CHIC2,2.731461048808768
SNRPD3,2.7132285121862747
CEP57,2.6938316331557814
EIF3L,2.6837753774049937
GPS2,2.682401983487678
FIS1,2.67334290277729
SP3,2.671376809954438
P2RY8,2.6642542141216263
EFHD2,2.6569818400715004
CNOT6L,2.653050315879076
STX16,2.648301462944288
TBC1D5,2.63682818535356
MMP24OS,2.634464997955242
SETX,2.628639890795146
ITFG2,2.6285192329895466
TRAPPC2L,2.6273205502153036
LAMTOR1,2.6162893287379725
VPS29,2.615666318220464
CLPP,2.5991008088561536
YY1,2.59902497895531
CDK5RAP3,2.598152835551694
CDC40,2.5802207080153434
CEP350,2.5717279885576527
STXBP2,2.5706233085730856
ANXA7,2.5500920912447547
USP16,2.5491940595608846
SYNGR2,2.5489306111833314
CCSER2,2.5472769738905474
GLCCI1,2.541178463232084
BAZ2A,2.534670231402376
CCS,2.5266727980129193
RHOG,2.5254552512673656
ACP1,2.5248173539917014
LGALS3,2.5218976816948544
C12orf75,2.490089571552141
NR4A2,2.4826561408586114
LITAF,2.4681791083627167
MAPK1,2.4635814134278697
OIP5-AS1,2.4605461865083234
ATP5MC1,2.4390438659020344
OSTF1,2.4351051111293716
PMAIP1,2.432230391116222
CEP85L,2.42763119104219
PPP4R3B,2.427116588703178
PTTG1,2.4218870455829893
MEAF6,2.4135430771301145
MICOS13,2.3904919242857448
SACM1L,2.3893435939097665
PSMA2,2.388416532633692
VPS51,2.3870005319394454
CMTM7,2.3860348824838
MAP2K2,2.3809565646235082
LMAN2,2.3669024015577955
SP140L,2.337816876996628
PCNX1,2.3373187691762105
NDUFS8,2.3295373263394183
MRPL34,2.3273963844187984
PSMD13,2.3264400806954013
PARP10,2.3159947558109586
EPSTI1,2.3116515148143035
ZNF655,2.311005843259839
TMEM179B,2.301569690068697
MIA2,2.3002598875606743
GLG1,2.299195582894009
RBM27,2.2981818706259065
NIBAN1,2.291949938024581
TRAF5,2.2774789956846977
CCM2,2.2731907587557174
SNX6,2.2700736865523137
SFMBT2,2.2691403021993444
SIVA1,2.263036248051841
LBR,2.2546164172540832
PUM2,2.2467416376680975
ZNF24,2.2347361833497357
ATXN1,2.207929518208934
POLD4,2.204527384754313
M6PR,2.201064736552578
PHF11,2.1898212739200233
MICU2,2.186017840892113
TOMM5,2.180264307685663
RBM4,2.1650085601300093
SRP19,2.1649738601310786
FAM214A,2.1493666806454743
BTG3,2.1487453850170017
RNF4,2.147311230219692
NCKAP1L,2.144082422825179
CCDC69,2.143132312269317
SNRPA,2.1429436011496046
UHRF2,2.14017890107274
MEA1,2.1319638823410165
VPS4B,2.12767099330123
KIAA2026,2.121807030635892
SF3B6,2.1203065218182893
SIK3,2.1191099939065516
MAZ,2.114250079541035
RWDD1,2.113445852576414
UBE2L6,2.0971915386240294
CIR1,2.0917702244870693
SUMO1,2.0908149834052003
BRD7,2.072891053789517
UQCRFS1,2.070357190449651
CASP4,2.067509891477116
PSMA3,2.0509219500913245
PRNP,2.0503635671620484
UBE3A,2.049396402249373
COPB2,2.023099861337599
DNAJB14,2.0201715311466186
TMEM230,2.0116357322928664
PNPLA2,1.9772138797442824
LSM14A,1.9758299010004907
PHIP,1.9698614159958574
PCF11,1.9676435954072722
TOR1AIP1,1.9566966687246878
PLSCR3,1.9561230711057982
SENP6,1.9506889064722948
CHST11,1.933407896521205
PRPF6,1.9250463092467291
DPM3,1.9243091038367892
UFC1,1.9241113050396774
TNIP1,1.916558195239976
TMEM35B,1.9037175342210062
NDUFAB1,1.8980057304622466
UBLCP1,1.8935641975483044
CCT4,1.8649767595588709
TAB2,1.8631037969923294
FLI1,1.8604318672630922
CNTRL,1.8529917710183827
ZNRD1,1.8504326495026782
MFSD10,1.8469075244004767
NDUFAF3,1.839519706652115
DIP2A,1.8283373748772274
PRKCB,1.784993756072905
ATF6B,1.7758186653510282
TMEM219,1.773967007051982
SMARCE1,1.771658493529826
GON4L,1.7627224678310918
MECP2,1.7601430083609317
TNKS2,1.7547016515023588
SSH2,1.7499903112532247
STK39,1.7487858932095797
ZNFX1,1.7375578327570196
CARHSP1,1.7270871666469638
PUF60,1.7247753168474822
YIPF4,1.7114281812338954
TMED4,1.7021825665216124
MGAT1,1.7005174743658062
SDHD,1.6982675872077018
CTDNEP1,1.671523052643078
WDR82,1.6681332720112751
PCNP,1.6656056692912666
NOSIP,1.651904442180486
MARCH7,1.6368782475733747
ZNF331,1.630833952489545
VSIR,1.6147718757636025
CDK13,1.6100569183800197
ADD3,1.6044973889767171
PIN1,1.6016421247253931
ZNF644,1.5643779117378718
TXNL4A,1.5502563019230353
NUB1,1.5174257380672957
SUPT16H,1.5166011800835286
GTF2A2,1.500961096788828
USP47,1.4838553535329173
SRPK2,1.4835700415599191
BCL2L1,1.4584068575886582
FAM204A,1.4463703898910938
SRSF1,1.4385268543041971
GSR,1.428150520336015
NRBP1,1.4276615968370931
PPP4R3A,1.4201338571267619
NUCB2,1.41029367734839
ETNK1,1.3976681140421263
GNG11,-1.5900995355008587
LGALS1,-1.6737062193501746
ENG,-1.718701458016568
HSPA5,-1.8479390395377917
HIF1A,-2.0194733121527007
PTTG1IP,-2.121996410822642
C1orf54,-2.1940964355216592
APP,-2.2617245714511216
MEF2A,-2.39334326979155
NR4A1,-2.4118308814040645
TUBB4B,-2.545709614292457
ELL2,-2.6515506301615446
PTMS,-2.9521812106682743
GGT5,-3.0190254517966224
ENTPD1,-3.0280302596531423
CCL4L2,-3.0603995836846427
MT1E,-3.0767556997127157
ABCG2,-3.272783206524805
HTRA1,-3.280876100979476
TCF4,-3.3976012386279892
CCL3,-3.4203484016727206
EPB41L2,-3.6039566832335126
LAMC1,-3.717798169000215
QKI,-3.910069132641953
NFIA,-4.205129910743941
PON2,-4.387046701421979
MYO10,-4.442702296399568
KLF4,-4.557081544307039
GADD45G,-4.591010566767154
SPRY1,-4.603168611424888
CD302,-4.824899484975623
MFSD2A,-4.83299510492982
YBX3,-4.964581917227914
TJP1,-5.128201932307651
PLTP,-5.138225066188339
FCER1G,-5.230310749902353
PLK2,-5.3643587268591855
HSP90B1,-5.430872967410207
CNN3,-5.504644725223797
HES1,-5.58126628714806
COL5A2,-5.6100778559313795
ARHGAP29,-5.912613053607608
TREM2,-5.926481243722098
MAP1B,-5.935238315022954
SPARCL1,-6.050095698953928
LHFPL6,-6.051099884092623
ARHGEF7,-6.053532794306474
FSCN1,-6.104092283428034
SPTBN1,-6.13121244407513
COL18A1,-6.322569772580972
DOCK4,-6.328175586139296
EPS8,-6.384328986446609
TEAD1,-6.519429362250153
SERPINH1,-6.575385613494383
FILIP1L,-6.619084239077029
ARHGEF12,-6.956559527180047
SLC38A2,-7.090083450262466
AIF1,-7.189496410955913
TPM1,-7.229447089019791
YWHAH,-7.261961199028714
COBLL1,-7.284182368952433
APOLD1,-7.288983626978796
DUXAP8,-7.513723093695662
PDK4,-7.547008680211872
TAGLN,-7.785523101174281
MCAM,-8.002016928587095
CYTH3,-8.08637234350054
GJC1,-8.234498045778441
SLC1A3,-8.299737655223806
PSAP,-8.440836517471817
VWF,-8.582004804045031
CCDC102B,-8.924056763604097
SERPINE1,-9.155446932023379
DLC1,-9.320261285397956
NR2F2,-9.34071307601908
MEF2C,-9.345530056172617
NID1,-9.682491314026324
COL6A2,-9.69343258333291
TYROBP,-9.836511766218479
CDH11,-9.874255655420635
TPM4,-10.144549047110017
MAFB,-10.31442486704744
CAVIN2,-10.501215763294317
IFI27,-10.857374090787065
MGP,-10.90913056093303
CD68,-11.34049294031304
TUBA1B,-11.858451845341731
VCL,-12.248360513283455
IFRD1,-13.153762888806874
FOSB,-14.191436049599798
IFITM3,-15.017739132938345
NREP,-15.146664350535406
C11orf96,-15.247030830136683
ZFAND5,-15.517475354789994
SLC38A5,-15.763295697752007
SAT1,-15.896719436445244
CCN2,-16.306293452745486
MYL9,-16.322131945798265
EPAS1,-16.82355435751065
CA2,-17.03344840965452
CPE,-17.37245414010316
HES4,-17.72820535427765
TIMP1,-17.855001567121153
OLFML3,-18.044690849856757
ATF3,-18.17079298021864
LAMA4,-18.431312798161063
SGK1,-18.935564112898156
NPC2,-19.156073606817017
SOX4,-19.30723778008188
TPM2,-19.400504365473296
C1QA,-21.203936780982055
CLDN5,-21.616723665476275
MT-ATP8,-22.648010623909983
C1QC,-24.433079615478853
PDGFRB,-26.75022440333399
MTRNR2L8,-27.272060720265838
C1QB,-27.337630054849278
APOC2,-28.86683071791527
FTH1,-29.019285836778792
CEBPD,-29.66199031943269
EGR1,-31.35886088255818
FSTL1,-32.626924854217265
HLA-DRA,-33.668977020950884
UACA,-37.27045537307898
COL3A1,-38.07659903596231
MT-ND2,-38.37495041816168
FTL,-39.52107079690281
MT-ND4,-40.00082558430729
CST3,-41.22718559386769
MYO1B,-42.04052082060367
AGRN,-42.228510421561204
GADD45B,-47.977095317078835
NEAT1,-48.39315909892577
CD74,-50.72818885640104
HIGD1B,-53.840297226356704
MT-CYB,-55.18738475696115
F3,-59.771383931427515
MT-CO3,-63.51688436077399
MARCKS,-63.72263864414192
C3,-63.99769009439858
MT-ND1,-66.21497681881111
CDH6,-67.87151071542878
MT-ND5,-69.05745088319121
MT-ATP6,-70.51385519602896
A2M,-73.41936234395234
THY1,-87.75047009942107
ATP1A2,-87.82850343771528
DCN,-90.49819915482719
NDUFA4L2,-96.2982020786127
NOTCH3,-97.6790403052191
COL1A1,-100.15588856414045
MT-CO1,-124.19850201204632
RHOB,-127.79298579337484
FOS,-127.8593265056689
APOC1,-134.28887474188704
PTN,-138.35864651400496
MTRNR2L12,-178.22248724577898
COL4A2,-200.39633871753165
SPP1,-202.66912701382418
COL1A2,-237.7776867410787
CALD1,-239.63159306961094
RGS5,-267.62756962599076
COL4A1,-283.58348141939643
BGN,-343.47732386679456
IGFBP7,-354.5993514577981
SPARC,-359.5651358543045
APOE,-401.09107499840053
FN1,-604.5758132560067
