genes,logfoldchanges,pvals,pvals_adj
APOE,4.5369496,3.5030553886930297e-194,7.973654675743074e-190
C1QB,5.0127296,6.5489923503724826e-170,7.453408193958922e-166
JUN,3.520867,3.073324515024103e-163,2.331833753699288e-159
C1QC,4.5220795,3.7018891765488284e-162,2.1065600359151106e-158
CD74,2.5907893,1.4893127071327592e-154,6.779947167951173e-151
C1QA,4.719333,7.534015901014504e-151,2.858154498981536e-147
FOS,2.4722593,5.792832195688789e-149,1.8836635205466887e-145
RHOB,4.7932234,3.1559900748163325e-136,8.979580760371169e-133
FTL,2.155271,4.228596745383296e-133,1.0694591013157177e-129
HSPA1A,5.1451654,1.176782271036891e-131,2.6785918053341715e-128
IFITM3,4.769364,1.5644219650076307e-129,3.237215706136699e-126
SPP1,4.305843,3.0206697923845385e-128,5.729707151188073e-125
CCL3,4.1971645,1.0774547643333799e-126,1.8865404112120302e-123
RGS1,2.7003489,1.1413254148313031e-125,1.8556320780278658e-122
HSPA1B,5.79705,1.8343550291125238e-121,2.783572611510618e-118
SGK1,3.8307333,6.131997676128161e-121,8.723533194001825e-118
SAT1,2.474893,1.8872909423690365e-120,2.526971554717883e-117
FTH1,1.5665429,5.691558720566248e-118,7.197292199862719e-115
DUSP1,2.2894306,1.3395550619327168e-115,1.6047869641953947e-112
HSP90AA1,2.0335848,1.159627494313403e-112,1.319772051278084e-109
HLA-DRA,2.9412277,4.03919176456773e-107,4.3780991878614604e-104
APOC1,3.1443675,1.747099601640853e-105,1.8076127787522314e-102
CEBPD,3.1266012,1.142286969649101e-98,1.1304667827457755e-95
TYROBP,2.9259381,4.105196143545541e-90,3.8934364424743173e-87
CST3,2.8087494,6.287253379430102e-90,5.724418456903519e-87
C3,3.4832063,6.168108492910053e-89,5.399941750600716e-86
HLA-DPA1,2.4305494,1.1037872267856867e-82,8.663587881412345e-80
IFI6,4.341894,2.1141016546814016e-80,1.6040393954619356e-77
MT2A,2.2942493,3.3988786591753264e-76,2.4956540658112508e-73
HLA-DRB1,2.276779,6.978971811458515e-73,4.964229886638085e-70
ITM2B,1.5986674,8.161166911284188e-72,5.629226704080323e-69
FCER1G,2.8467493,8.340190101388927e-70,5.583511973171022e-67
H3F3B,1.2118607,8.349182534833339e-62,5.136326833996661e-59
ZFP36,1.1704849,1.270025988285691e-61,7.607455669831289e-59
NEAT1,1.7673627,1.9675856918883695e-60,1.148363731250335e-57
IFI27,7.461107,3.583164608396017e-60,1.9892681174709793e-57
PSAP,1.972887,6.956158769512744e-60,3.7699068074202163e-57
APOC2,2.9873385,1.8903127889130864e-54,9.561622155831038e-52
NPC2,2.3631046,7.20263636142377e-53,3.5640523664940836e-50
MARCKS,3.0898812,3.1318738837626958e-52,1.5167598583448188e-49
CCL4L2,2.4377434,2.7117064382142948e-49,1.259670651972118e-46
HLA-DPB1,1.7600238,6.121412387766779e-48,2.7867117754069486e-45
CCL4,2.0319645,1.3363810335918217e-47,5.849750978195586e-45
FCGR3A,3.516296,6.276610108855815e-47,2.64570739440326e-44
HLA-DRB5,1.9921606,2.270851789295446e-46,9.23020150498981e-44
DNAJB1,1.8968987,2.563342668647191e-46,1.023628172346445e-43
AIF1,2.5399904,2.385376308061064e-45,9.202700936285753e-43
ZFP36L1,1.9251232,6.697560283620869e-45,2.499178150422594e-42
CD14,3.5883453,4.3516009892456195e-43,1.478375249510579e-40
A2M,3.0562305,8.77775843079876e-41,2.814075174673822e-38
ATF3,3.1196318,1.2558863174879267e-40,3.9703450498139155e-38
MAFB,3.2812605,1.2397811531186584e-39,3.713144553590382e-37
GLUL,2.0447917,7.637996482309494e-38,2.146371307781836e-35
S100A11,1.2014021,7.787687606227951e-36,2.0721635851514264e-33
EGR1,3.6220543,1.5789938654723257e-35,4.131156134009319e-33
IER2,1.6405231,1.779683996521547e-35,4.6033144464572104e-33
HLA-DQB1,1.8013756,4.5556292101183835e-35,1.165114967199041e-32
CD63,1.8096623,6.318867230843004e-35,1.563370172917918e-32
SLC1A3,3.6689725,6.452543391314086e-35,1.5792773405708735e-32
CCL3L1,3.3918476,1.2670176088409593e-34,3.068069660897651e-32
MT-ATP8,1.9647764,2.5151275527369834e-34,6.026245616357813e-32
KLF6,1.0172364,2.841861860683738e-34,6.668707182771469e-32
PDK4,3.104768,1.2644557569757701e-33,2.878154194028248e-31
GADD45B,1.8886803,5.667246288301323e-31,1.252406407905968e-28
CD81,1.4484278,3.38517085977596e-30,7.201239169179476e-28
HSPB1,2.1499658,7.302222397970007e-30,1.5248916167210395e-27
CYBB,3.0482905,1.1813805992786973e-28,2.338311756589714e-26
IER3,3.071878,3.7390120036877785e-27,7.033668696524068e-25
IFI30,1.7798821,6.464843910393152e-27,1.2061703040030241e-24
IFI44L,4.718365,4.8029367167894373e-26,8.517159925040444e-24
PLXDC2,2.903889,6.750116138462341e-26,1.18189341187446e-23
GPR34,3.683613,1.1095203345663866e-25,1.913250140560613e-23
CD163,3.035431,4.028271434649988e-25,6.596511827014606e-23
TREM2,2.6244895,1.594154620140747e-24,2.5198713516419223e-22
MS4A7,3.3881195,2.2040387365702965e-24,3.4128115457015705e-22
HLA-DQA1,1.6519698,2.8161616096673092e-24,4.331180443192384e-22
CD68,2.2585034,3.3500874784594544e-23,4.983966744097654e-21
MS4A6A,2.6259472,5.405002072791508e-23,7.937332721347117e-21
HSPH1,2.0019538,4.970960417075425e-22,6.735059584135167e-20
FCGR2A,2.7722201,2.76062764572236e-21,3.4909670262184645e-19
BTG2,1.3665601,3.688886775774256e-21,4.613540702756793e-19
RNASET2,1.4719622,1.5502688959501074e-20,1.8670487095035102e-18
ISG15,2.2129045,4.177298844683716e-20,4.952274807431809e-18
CX3CR1,3.4702928,8.861860650856947e-20,1.0397611965711641e-17
IGFBP7,3.6911187,1.9393783264576575e-19,2.2408187546613806e-17
FCGR1A,3.2950957,5.879877750483008e-19,6.592993958447991e-17
NR4A1,2.4958618,1.8611010667275507e-18,2.017256308612024e-16
MSR1,3.2576833,3.1943391978021826e-18,3.429695699074211e-16
FCGBP,2.174338,6.480753381236139e-18,6.766738920353073e-16
RAC1,1.4276661,6.916510276606923e-18,7.188749174252365e-16
CD83,2.4112551,7.742625175001201e-18,8.010801556062607e-16
ASAH1,2.1850529,1.4522437525373842e-17,1.4562102332711867e-15
KLF4,3.0670397,1.676656358796401e-17,1.6738619315317403e-15
VMP1,2.1659794,2.876933890562816e-17,2.810505116609048e-15
CH25H,2.539821,3.0677163691534726e-17,2.9840752134474936e-15
BHLHE41,3.7064452,7.349287772486579e-17,7.028760011652921e-15
HERPUD1,1.2903941,8.448549469192422e-17,8.046271255973134e-15
MEF2C,3.0217543,9.071799795223076e-17,8.603846122452819e-15
KLF2,1.0236852,1.2829379569239583e-16,1.201738015452804e-14
MEF2A,2.2994819,1.7630279928511649e-16,1.6246981041813043e-14
GRN,2.0043664,2.1588460817142568e-16,1.9655861804791963e-14
SPARC,4.177132,9.954146889937222e-16,8.816198113180975e-14
ID2,1.1234491,1.059313107035403e-15,9.30968530592272e-14
CSF1R,2.4627469,1.5298337086078701e-15,1.3290868273027611e-13
FOSB,1.1250817,2.2793146283299163e-15,1.9652181655320286e-13
YWHAH,1.4946177,3.6309687347425365e-15,3.1070718173011133e-13
HAMP,3.405813,5.810167467039285e-15,4.898186366101786e-13
IL1B,1.9959031,6.899805094056467e-15,5.73187458215012e-13
RGS2,1.7199794,1.543123010204436e-14,1.236780491488499e-12
MBP,1.2718526,3.9933078328258775e-14,3.1451789927606445e-12
KCTD12,2.743941,4.4137048795974686e-14,3.4643017403240547e-12
SPI1,2.1287525,4.531126437142655e-14,3.5442439849567392e-12
XAF1,2.6044202,6.552513356050134e-14,5.090385973051643e-12
VSIG4,3.3283982,1.095327780162712e-13,8.394562603388436e-12
CXCL8,4.194468,2.1253311649287628e-13,1.5861241959379836e-11
MX1,2.4371402,1.1243640436944024e-12,8.048042252381128e-11
BST2,1.4397575,1.1771141959646204e-12,8.372960415170841e-11
FGL2,2.344573,1.7698581144446471e-12,1.224483598814257e-10
AC007952.4,2.115747,3.0065565774332957e-12,2.0551123368029032e-10
TMEM176B,3.0884566,3.1881828282295456e-12,2.166251269736147e-10
NLRP3,2.0833325,3.815228778422713e-12,2.569296966108219e-10
CLDN5,5.6617856,4.6680359267524205e-12,3.115948204244534e-10
SERPING1,4.4862976,6.6518357906764346e-12,4.427166265127982e-10
LPCAT2,2.9737725,7.196680464945279e-12,4.775826260731325e-10
OLR1,3.079517,7.631285352974061e-12,5.005859285429267e-10
S100A9,2.2226586,8.942226295169908e-12,5.848935486513145e-10
LY6E,1.0413154,1.286628617269046e-11,8.272949318157635e-10
CTSS,1.4855003,2.3147249747541302e-11,1.4474662053668547e-09
LYZ,1.9646788,4.073637448979754e-11,2.5128492036226873e-09
C5AR1,2.8873355,4.141154640889164e-11,2.5475935658356525e-09
CDKN1A,1.7661319,4.2862534347789216e-11,2.6226801258719844e-09
HMOX1,1.8691607,5.3004648681605425e-11,3.2259139392799536e-09
ELL2,1.3899872,6.144942537100029e-11,3.729898187452556e-09
MFSD1,2.2120593,9.232621565128285e-11,5.472732605871095e-09
SERPINA1,1.9228963,1.1701221630552857e-10,6.828701402791552e-09
NAMPT,1.2359093,2.6669182439137214e-10,1.506312483076033e-08
CD302,3.0859432,3.5556266376814546e-10,1.97880619870184e-08
LPAR6,2.6397545,3.8738691553530745e-10,2.1454260271081918e-08
MNDA,2.375517,5.042187632345105e-10,2.7722288620154415e-08
CLEC7A,2.637936,7.468497948643527e-10,4.009385620448678e-08
EPB41L2,2.3276935,7.892880832786144e-10,4.2272412591971344e-08
GNG5,1.0154736,8.294138854176712e-10,4.421339311446611e-08
CXCL2,3.802437,8.661508045674768e-10,4.595646763068743e-08
HTRA1,2.5534775,1.0727820757338851e-09,5.6524688907071044e-08
IFIT3,5.7342534,1.1245894552725884e-09,5.898134834312133e-08
SLC11A1,2.2002795,1.2651965489220355e-09,6.574978047160587e-08
QKI,1.5053488,1.3589038219560274e-09,7.04586988504854e-08
IFIT2,4.876699,1.3800478134774042e-09,7.13923825690288e-08
HLA-DMA,1.3541723,1.4678768636317592e-09,7.576374868477574e-08
P2RY13,5.331924,1.8623619098425083e-09,9.526085795918017e-08
H1F0,3.3869288,1.9765310331369396e-09,1.0064832075226626e-07
PLSCR1,2.1960833,2.2378873334388528e-09,1.1269644133569727e-07
CEBPB,1.2799238,2.4576409043177766e-09,1.2348967387214401e-07
SLCO2B1,2.8879786,2.4817352627868006e-09,1.2415221549791903e-07
IGSF6,2.2476346,2.6372437955408685e-09,1.3164241946074836e-07
MT1X,1.8819466,2.6829521013615715e-09,1.33630975341777e-07
AC253572.2,2.896467,3.603236594087945e-09,1.775256955727918e-07
LST1,1.9312193,4.599462207676091e-09,2.2370290335710083e-07
SOD2,1.4956901,5.842097671388324e-09,2.80543939232365e-07
ZFAND5,1.1251428,6.6394500098329105e-09,3.168284300289658e-07
TIMP1,1.1452526,6.906151063822482e-09,3.281791451246917e-07
LY86,3.2294307,8.173643491481265e-09,3.8760098573561786e-07
FCGRT,2.1089137,1.1263053323563969e-08,5.264263239239488e-07
OTUD1,2.7111795,1.2154853182130493e-08,5.657848019052234e-07
CCL2,2.3010957,1.3380205766979828e-08,6.190248855040546e-07
LAP3,1.8971851,1.4585028747796463e-08,6.679767089684972e-07
IER5,1.6107758,1.618797603441807e-08,7.3841825750586e-07
DOCK4,2.4259148,2.0475555868931844e-08,9.13852162134562e-07
ZEB2,1.2771084,2.7974134285078993e-08,1.2292417849362318e-06
GSN,1.7063284,4.380268702076866e-08,1.8955071520280158e-06
HSPA6,4.7644386,4.4386019781670466e-08,1.9134745876333013e-06
HIF1A,1.0822523,4.789551791162346e-08,2.0569769409516476e-06
BRI3,1.3897648,5.3810356113583146e-08,2.2851330706294393e-06
HLA-DMB,1.9268603,5.405144246440949e-08,2.2910967101953238e-06
PLP1,28.563843,6.009880108946447e-08,2.537975715024843e-06
IFNGR1,1.3183768,6.213171710344281e-08,2.609302850015803e-06
SLC8A1,2.8647544,8.478126150779847e-08,3.5215165591980085e-06
SCIN,3.0072849,9.222417340311257e-08,3.809812404721685e-06
PLD4,2.6064112,1.0771565329025324e-07,4.425674549084375e-06
HIST1H1C,1.0879692,1.3133358548854132e-07,5.3573746825988845e-06
LILRB4,2.5829527,1.39172714104042e-07,5.656873782921793e-06
RNASE1,1.9090806,1.4637835166827865e-07,5.939151587653046e-06
OLFML3,2.7154448,1.5964219459660102e-07,6.420098292239986e-06
TIMP2,1.8296169,2.051748161633091e-07,8.150417391813684e-06
CREG1,2.1569133,2.795914121090146e-07,1.1010483948832854e-05
LGMN,2.258998,2.966622970249689e-07,1.1605338815509121e-05
PARP14,1.3551806,3.039802449437986e-07,1.1847942355155382e-05
DAB2,3.2144508,3.403020146699125e-07,1.3173391935232223e-05
FMNL2,2.7667773,3.511661558585317e-07,1.3524947613624194e-05
RNF144B,3.58714,3.613812765683503e-07,1.3848081847220186e-05
PTGDS,5.217028,5.984727709215812e-07,2.2150304409295988e-05
FPR1,2.5518577,6.585742781013234e-07,2.4139239481710664e-05
BMP2K,1.8376062,6.931883145914639e-07,2.5205035809474286e-05
SELENOP,4.4796796,7.951687736109867e-07,2.854831486582536e-05
CYFIP1,1.9818908,8.37269475415611e-07,2.9871360187163226e-05
PTGS2,4.6252437,9.117413097570503e-07,3.2275358775567617e-05
GPNMB,1.9658996,9.847966604022426e-07,3.480736270819231e-05
DNAJB4,3.6646833,1.1220779226336899e-06,3.9233083986156756e-05
IFIT1,5.05102,1.1849082242587093e-06,4.130303369154172e-05
C3AR1,2.4193208,1.7766204508029804e-06,5.964518392504047e-05
SERPINE1,2.968583,3.608837211316093e-06,0.00011734907514853844
HBEGF,2.3700552,3.6482691187189407e-06,0.0001184620566052504
HIST1H2AC,2.5736377,3.8015674324931754e-06,0.00012308858876018442
ETS2,1.562883,4.21040389320481e-06,0.00013441404406329296
OGFRL1,1.3879685,4.248462572149886e-06,0.0001354390827272769
S100A8,1.5801997,4.329461629618022e-06,0.0001375920921682865
RNF130,1.6417615,4.571171739972708e-06,0.0001439128784858351
DST,2.8330305,5.490012316622597e-06,0.00016955720536087322
CXCL16,1.5721757,5.503464920056031e-06,0.0001697423692551699
CD59,2.0258806,5.5997653718349915e-06,0.0001724788354448012
STAB1,2.4682717,6.2509410429703975e-06,0.00019047378851417963
ACSL1,1.8455726,6.636716641584363e-06,0.00020141992559432435
RASSF4,2.4304059,7.051413668284816e-06,0.00021315309152390304
RNASE6,2.295997,7.423693092547545e-06,0.00022351600816477142
PPT1,1.1479928,9.022640250285539e-06,0.00026846187892418224
FOLR2,3.382294,9.07978466601004e-06,0.000269809475936972
CCN2,4.814158,9.559929281301726e-06,0.0002815046705058084
LYN,1.9630231,1.03024366195515e-05,0.00030064623376183493
NAIP,2.3018637,1.091926563739433e-05,0.0003166169738068405
BCL2A1,1.6575804,1.126136865137519e-05,0.0003257068275001297
LHFPL2,2.823992,1.2634254075724406e-05,0.00036219255827662334
ADAP2,2.3996918,1.2786855482820513e-05,0.0003661061691823403
IGKV4-1,28.218298,1.5033454350340603e-05,0.0004259736248176332
CTSH,1.4337494,2.3231549410457547e-05,0.0006425231199038089
MARCH1,2.9917006,2.4446900014852297e-05,0.0006712428686828323
SERPINF1,3.5557046,2.8666724153801583e-05,0.0007786539083398946
IL13RA1,2.4087713,3.013206604455555e-05,0.0008145677996510373
MT1G,4.29928,3.0903864368293404e-05,0.0008331505143831575
TNFSF13B,2.3052073,3.398785159876165e-05,0.0009069536671641415
TCF4,3.3849723,3.405046616849407e-05,0.000907560551437075
TLR2,2.5538142,3.445661804905337e-05,0.0009145342001441166
MS4A4A,2.4953113,3.622358060863202e-05,0.0009532036321545457
GNG11,5.702939,3.6468052854289126e-05,0.0009585286594334054
FN1,1.1182673,3.870058338000237e-05,0.0010125318148225448
DSE,2.1498122,4.137967793370636e-05,0.0010703229876443457
CAVIN2,4.553451,4.363107895066144e-05,0.0011247232379104821
PLEK,1.240055,4.562922233450905e-05,0.0011722487119391592
SPTLC2,1.7842695,4.756072257218818e-05,0.0012177470946998282
PECAM1,2.3681922,4.8428692429019834e-05,0.001237187314331481
CALHM6,2.543918,5.3466630216652586e-05,0.0013613058579322664
LGALS3BP,2.7620027,5.7263921450453216e-05,0.0014482682000613511
P2RY12,2.4543426,6.986102756832925e-05,0.0017360007745745745
LGALS9,1.2537739,7.335407924622597e-05,0.0018109387763585636
BASP1,2.063193,7.514718992187219e-05,0.0018491895535153024
GNB4,2.298954,8.955105279255375e-05,0.0021847385462637815
JDP2,2.0569198,0.00010680290436600234,0.0025589975886094163
LMO2,3.5126474,0.00011592749234307507,0.0027486891465761196
IFNGR2,1.9002663,0.00012051875921946343,0.002842744038708214
RB1,1.2434996,0.0001437774658569571,0.00335657710547288
SHTN1,2.2602806,0.00016463835159696532,0.0037625483524599645
SPARCL1,4.1152406,0.0001860914346845909,0.004218937486345277
TGFBI,1.2989644,0.00021601912534445863,0.004820615030480949
MT1E,2.2965574,0.00022750462000865868,0.005037412607623627
FCGR1B,3.4237564,0.0002342980112723421,0.005172736501048546
MERTK,2.9277892,0.00023850870601247582,0.0052453479867207485
TGFBR1,1.8706473,0.00023894681222379755,0.005249910559689266
RASGEF1B,1.8762391,0.0002519391485815034,0.005514075865396327
ATP6V1B2,1.6040812,0.0002810568233324227,0.006088085306818557
CPVL,1.6441275,0.00030681235030560977,0.006582151477527134
IL18,2.139608,0.00030903693243498404,0.006617402310522207
ITGAV,1.5914695,0.00030976316727742884,0.006620496914149141
PLAUR,1.225406,0.000319120695438445,0.0067886217472615746
ID3,3.0027564,0.0003293340862236216,0.00696682385745546
ARHGAP24,3.5223353,0.000336090696120426,0.0070768699584580355
APP,2.144328,0.0003638498986588498,0.007605097698138419
LAMP2,1.7242675,0.0003926231123913429,0.008161540898860044
APLP2,1.0369676,0.0004004436007103693,0.008293810044922136
SIGLEC10,3.5269485,0.0004116078266221885,0.00849412271040277
PLTP,1.9184718,0.00045026879875875747,0.009250016604103644
TSC22D1,3.3484116,0.0004530535099054837,0.009290091046381222
MDM2,1.5744351,0.0005160979400094017,0.010423621393517303
EPB41L3,2.2775586,0.0005750670243826799,0.011532753840527364
AC245014.3,2.2814357,0.0006270637229581797,0.012454820647446846
TNFSF13,2.2827687,0.0006642371189814813,0.013090359569053226
CCN1,5.0366297,0.000689399322372985,0.013527678772287832
CRYAB,6.4621468,0.0007018900644017374,0.013749071984434032
DEPP1,5.834829,0.0007228064043660737,0.01411022244955452
C1orf54,2.554937,0.0007278770239718197,0.0141970324075806
IRF8,1.6119213,0.0007984940463498912,0.015389772635915516
SWAP70,1.9711671,0.0008838566137148014,0.016863658207356504
ADAM28,2.8598557,0.0008910148274849533,0.01698599623384632
TBXAS1,1.3932158,0.0009194175983756576,0.01748352829927044
ARRDC3,1.7967975,0.0010573015709519035,0.019807652969553273
ENG,1.8902184,0.0012704899350066822,0.02322802562298964
TM4SF1,27.826359,0.0015149263296908686,0.027151774107420118
YBX3,1.1488323,0.0015365799098266846,0.027496565964996066
TMEM176A,3.1138856,0.0016071301638793326,0.028579294367360446
EIF4A3,1.0762883,0.0016933368066222232,0.029971798127787747
FRMD4A,2.034379,0.001820777548583324,0.03175826709643956
SLC9A3R2,3.8040762,0.0019619345906271967,0.03401184703111672
NUPR1,4.068011,0.002209640155190084,0.037497271542044894
AKR1B1,1.4412239,0.002253959994007966,0.03811637249896681
SAP30,1.209832,0.002270567258825769,0.038340246250290914
EGR2,2.7978196,0.0023026816398056013,0.03879618022594752
PEA15,1.3727388,0.002519039838135428,0.04193998091987556
TMIGD3,2.7588446,0.002520599854950785,0.04193998091987556
TMEM107,1.7579738,0.0025857258148011064,0.04283572852729461
TRIB1,1.657638,0.0026385236042323654,0.04364685630780312
LTC4S,1.6824529,0.002761894324121435,0.04537407920876558
TLR1,2.5637968,0.0029760919398118856,0.04842159023159266
RHBDF2,1.6096336,0.003061646005431963,0.04960084439547498
CPM,2.6032307,0.003084554682074285,0.04986550687029465
SVIP,-1.0530698,0.002876397031661106,0.04696739543376621
TAF11,-1.223312,0.0028724382290035043,0.04693642424162079
CCDC88B,-1.1042359,0.0028461730706383706,0.046574113180352684
AKT3,-1.3186717,0.00279258532508081,0.0457630145208707
FAAH2,-4.9646163,0.0027403416206248214,0.04506911558429348
FAS,-1.3520861,0.0027361336607051555,0.04503244713302296
EML3,-1.7862712,0.0026972814306077445,0.044489507190937305
CREBZF,-1.229471,0.0026073716461475923,0.04316290429789927
KDM5B,-1.7385141,0.0025821341924614385,0.04280738418704098
MFNG,-1.1895576,0.0025338957209943523,0.042068952882037526
SPTY2D1,-1.3075584,0.0024768678421341144,0.04127266897705469
TRADD,-1.1389688,0.0024217686261431867,0.040413707821313205
PARP15,-1.4005399,0.0024172593320175326,0.04036805349624584
EIF3B,-1.0252585,0.0024168839046147515,0.04036805349624584
EHD1,-1.7131549,0.0024138824061305823,0.04036805349624584
PDCL3,-1.1560323,0.0024135074588109207,0.04036805349624584
SMC4,-1.1152873,0.002397062456673866,0.040178155845957686
SNRPN,-1.10076,0.0023203405392592325,0.03898437178597951
MFHAS1,-2.7720957,0.002291573345303947,0.03863762406356181
RMND5A,-1.4069562,0.0022698582892616945,0.038340246250290914
GLCCI1,-1.1425865,0.002248683276652287,0.03805541170495119
SUPT3H,-1.253544,0.002211715898686868,0.037497271542044894
ZNF335,-2.6829128,0.0022054940235463273,0.0374637723611653
POLR2B,-1.0130155,0.002174283833908731,0.03698882558103926
PRKY,-1.5537573,0.0021603548389110662,0.036834454564264936
TNFRSF25,-2.0132291,0.002148529009720228,0.03672233024843792
FRG1,-1.118016,0.00207554417844735,0.03565549931307063
POLR2C,-1.5880606,0.002054419843383704,0.03534595954278146
ISCA1,-1.552905,0.002019756644311357,0.03482856116501145
PVT1,-1.1043874,0.0019966317548027537,0.03450822475536847
EIF4E3,-1.7063285,0.001990652932655873,0.0344310349947667
ZNRF1,-1.4494182,0.0018437825316054781,0.0321010568115717
ZNF394,-1.1364006,0.0018193304502300606,0.03175736173936859
LPXN,-1.052908,0.0018014740260180926,0.03146980182672588
RBM34,-1.8510267,0.0017914650583505886,0.03141550667039761
UNC13D,-1.5615518,0.0017645549569629917,0.031039258060580846
RHOT2,-1.3363692,0.0017642736797798925,0.031039258060580846
GADD45A,-1.0110141,0.0017536156419732543,0.03089458145711704
LPIN1,-1.3396705,0.0017357989839252117,0.030604381465612444
MED15,-1.3162162,0.001715680153683683,0.030296595545498833
ADSL,-1.2404597,0.001709112732262261,0.030204055909746574
CSGALNACT2,-1.2425002,0.0016573998638646907,0.029381414097576393
RASA3,-1.2500741,0.0016141135059526478,0.02868107074355517
PTK2B,-1.1725599,0.0015945276787178674,0.02837735654650203
AQP3,-1.970965,0.001557765603290433,0.027810086793801442
HDAC1,-1.1127586,0.0015299060739621235,0.02739867982338777
STK39,-1.3501041,0.0014928304758216068,0.02681910599104295
TSEN54,-1.173739,0.0014634364291968654,0.026311800948956597
ATXN7L3B,-1.2572598,0.001453051674155172,0.026145740875193696
NMRK1,-1.2492899,0.001432717822038696,0.025808619979612486
NFATC3,-1.3366497,0.0013475997744822256,0.02451963714369658
INPP4A,-1.2603252,0.0012390551297831664,0.0226897609526343
HDAC10,-1.8062794,0.0012347970496527257,0.022629992306115412
U2AF2,-1.0305505,0.0011827963694077898,0.021764600614761608
MTHFD2,-1.0101135,0.0011792991575786795,0.021717805359875327
WDR43,-1.107227,0.001168479952154759,0.02155343652426793
CXCR3,-1.3800163,0.0011401382567010655,0.021106261275808107
LRP10,-1.0359725,0.0011324517789539912,0.021059532183456492
RNF216,-1.1389627,0.0011264858930012866,0.020965717004493283
SLAMF6,-1.7688565,0.0011235138584681367,0.020927514276965407
PPP2R5A,-1.4301502,0.0010987244296256063,0.020532976574004966
PHF1,-1.3550138,0.0010905743441065514,0.020397414314341267
MFSD11,-1.1070532,0.001049436196146231,0.019676496455255772
NLRP1,-1.3382952,0.0010371364055215015,0.019477969358482193
DHX15,-1.0294448,0.0010367918722640427,0.019477969358482193
SLAMF1,-1.4517373,0.0009995333218231269,0.01883392174779637
SYNJ2,-2.2942007,0.0009784299935000087,0.018466852000039138
DBF4,-1.7037141,0.0009470722100171998,0.01794942351741174
POLR2J3,-1.0120598,0.0009114364300758822,0.017346250854002702
GATAD2A,-1.2776238,0.0008774893551383864,0.016767494764447024
VPS51,-1.1273341,0.0008534494615895919,0.016338281450548605
MFSD10,-1.1127608,0.0008199866488441273,0.01575066337636289
RUNX2,-1.092824,0.0007974130066961449,0.015381961744421737
CABIN1,-1.471763,0.0007804324244221808,0.015092780666693015
SBF1,-1.6853137,0.0007768659182923567,0.015041686730395925
MARCH6,-1.0367407,0.0007560396928234307,0.014683426184340384
PTGER2,-1.7890352,0.0007488738404103363,0.01456911654309408
SIPA1L1,-1.111525,0.0007088795623743445,0.013874046946487386
TRAF5,-1.2859049,0.0006909345107360399,0.01354612517947781
SENP7,-1.0563712,0.0006714528766524148,0.013209689177495477
PRF1,-1.1499921,0.0006390509772160856,0.012637774407812807
BRD1,-2.8608263,0.0006292275445606529,0.012486902675928143
RBM4,-1.3425647,0.0006131667613406867,0.012221455185321113
RALGAPA1,-1.0577278,0.0005769634045775953,0.011560599485031008
AP1G2,-1.6454476,0.000560103604920717,0.011262436621206148
USP47,-1.375468,0.0005302411930450002,0.010680840739902915
GPR171,-2.360237,0.0005138499740209917,0.010387436153344417
CLSTN3,-2.1741323,0.0005072493712898691,0.010281398209528048
NFKB2,-1.6102506,0.0005052139890285873,0.010249269891505085
TMEM243,-1.0299172,0.0004749986060113106,0.009670767683389491
R3HDM4,-1.2072682,0.0004673018786288454,0.009522583134601413
AHR,-1.0269607,0.0004614232026467714,0.009419654653494
PIM3,-1.0781,0.000451698934639279,0.00927102899031494
BOLA2B,-1.899372,0.00040251063744752366,0.008321477865195761
NBPF15,-1.9583328,0.00040108403118791565,0.008299522470817578
NLRC5,-1.4661449,0.0003940916305682845,0.008177131900633813
HAUS3,-1.6861459,0.0003803794423373724,0.007914256733531326
RGS14,-1.3978258,0.0003717302635111089,0.00774846543776544
CERK,-1.2092924,0.00035810648035620855,0.007505727169307568
FAM160B1,-1.5902284,0.0003547266350193586,0.007441739784618101
MATR3-1,-1.1956295,0.0003440858525180071,0.0072251680581318055
REST,-1.07226,0.0003423007481236757,0.007194320986880062
USP7,-1.1937389,0.000336755300927954,0.00708431068366182
CUL3,-1.0545382,0.0003351261887003308,0.0070696406924902035
CYBC1,-1.078001,0.00033010487404438473,0.006976645443823848
VPS13A,-1.23951,0.00032803351176470964,0.006945766320733322
LYAR,-1.310784,0.0003228791283596973,0.006855759999742006
NPIPB5,-1.4594488,0.0003127969734259774,0.006660322459421981
ANKRD13D,-1.3093523,0.00031144519689121767,0.0066502022248010285
RHBDD2,-1.1753991,0.0002963415340174195,0.006379008217446387
SND1,-1.015634,0.0002811078840816406,0.006088085306818557
BCL9L,-2.1339004,0.0002798848220090185,0.0060731537831928304
TRAT1,-2.4393234,0.00026588245756800963,0.005785866633999077
CD226,-1.5054508,0.0002643357031432594,0.005757712224829542
NSMCE3,-1.0227879,0.0002623662508559002,0.005725772389244488
ATG2A,-2.5740228,0.00025046859306371744,0.005487166617243827
JOSD1,-1.1768361,0.00023772201346932792,0.005233102969621704
STK38,-1.3131555,0.00023546300034043007,0.005193419393167508
THEMIS,-1.7050172,0.0002334385459181012,0.005158765225425068
ADAM8,-1.884065,0.0002255444661047099,0.005003745748026712
STAT5B,-1.6326007,0.00022496366177355892,0.004995729628575364
MAN1A2,-1.1812074,0.00022488080442346643,0.004995729628575364
KLRG1,-1.6657175,0.00022175336871668258,0.004934066645874026
MED10,-1.0961541,0.0002168182547237734,0.004833709220394251
SIT1,-1.4596843,0.00021344101303934223,0.004767756956625621
TNFRSF18,-1.3927193,0.00021202559657278647,0.004745453912674303
CORO7,-1.0372653,0.0002080244655642925,0.004660485123203175
SCML4,-2.2287104,0.00020679590613889757,0.004637525532545405
SNHG15,-1.0575653,0.00019520567805679523,0.004394927442066047
ATP8B2,-2.0692065,0.0001942648893931841,0.004382415671325725
RFTN1,-1.6339265,0.00018051975294339516,0.004096700514952702
CCR4,-3.6887898,0.0001715700410147021,0.0039052772735766487
PFKP,-1.6964353,0.00017112087979183425,0.0038989524182399715
SMARCC1,-1.0223029,0.00016276355768921898,0.003727187223462779
DANCR,-1.451339,0.0001606671067508557,0.0036903175417386256
GPATCH8,-1.2340969,0.00015646181989233468,0.003604639619827249
USP3,-1.0608149,0.00015646181989233468,0.003604639619827249
MIR4435-2HG,-1.2371095,0.00015634404579990246,0.003604639619827249
AGO2,-1.7347867,0.00015386098497169467,0.0035627504983984887
SAMD3,-1.2778139,0.00014988027362065716,0.0034741087455737256
ABHD14B,-1.0285587,0.0001491465279924752,0.0034641563981272654
ITPKB,-1.7242754,0.00014892144136114698,0.0034641563981272654
MRPL23,-1.3023823,0.00014541824378914395,0.0033879325129257875
LINC00892,-3.3404102,0.0001411082413467917,0.0032976445477778983
TNIK,-1.4988419,0.0001374131550827155,0.0032145922260974
CD27,-1.1329795,0.00013206613934243225,0.003099061302796333
IL2RA,-1.6654767,0.00012920824322623702,0.0030351269683339594
HDAC7,-1.6204203,0.00012847234780824225,0.0030240822965989763
KLF12,-2.1996243,0.00011657313430280703,0.002758251229730243
SP3,-1.3736578,0.00011648387906765877,0.002758251229730243
SMC5,-1.1385041,0.00011214542975070992,0.002667350336453144
ATXN2L,-1.0353055,0.00010825077518848529,0.0025865182820657864
LBR,-1.0318087,0.00010577991968586577,0.002539833894398393
SURF4,-1.216509,9.962165731871309e-05,0.0024046534081532847
PRRC2A,-1.005812,9.858747899514224e-05,0.002382216769519562
PHYKPL,-1.0937427,9.651209024998948e-05,0.0023370299981598512
TTC19,-1.0327715,9.647474054422007e-05,0.0023370299981598512
IL27RA,-2.283,9.287995067495386e-05,0.0022538736004939232
CRTC3,-1.7431867,9.221569530271824e-05,0.002240142642988765
ESYT2,-1.0269451,9.024974757669508e-05,0.0021947273016460827
P2RY10,-2.0322306,8.979501268642705e-05,0.002188344838081855
MCUB,-1.0378944,8.840936580042156e-05,0.002159199554022742
PLSCR3,-1.5200025,7.588788040608842e-05,0.0018653994965479315
ABCC1,-1.7859231,7.319570644507939e-05,0.0018089909555948937
SYNE1,-1.016797,7.088648378159107e-05,0.0017595617708141503
CBX4,-1.4237695,6.841655455322992e-05,0.0017019646062739011
RNF167,-1.1474507,6.822790143931898e-05,0.0016991285476605895
RAB11FIP1,-1.4648913,6.646008005146633e-05,0.0016587328312845139
SPSB3,-1.1081678,6.421267807858372e-05,0.0016061637125546402
HIPK1,-1.1471457,6.282922524304494e-05,0.001573288036284036
HERC1,-1.2091967,6.157164074076546e-05,0.0015434952494948273
CCSER2,-1.2390108,6.0361877503214575e-05,0.0015148368861391073
PSTPIP1,-1.4849188,5.989619851554194e-05,0.0015048093494600063
IL2RB,-1.0786167,5.910411833359152e-05,0.0014881946255632856
PLCG1,-1.7501464,5.815977220115218e-05,0.0014660384660494196
DDX39A,-1.1463556,5.785969073009428e-05,0.0014600912199538869
MDFIC,-1.004147,5.7378039321769045e-05,0.001449543763642738
ASXL1,-1.1374465,5.567757095503897e-05,0.0014112838196866336
RASA2,-1.0295181,5.429528641641589e-05,0.0013808595635871044
NLRC3,-2.1292555,5.0189756403330904e-05,0.0012807390529737872
DHX36,-1.0584127,4.8409242109429364e-05,0.001237187314331481
RC3H1,-1.104204,4.694305053559517e-05,0.0012032857165441637
SECISBP2,-1.5149772,4.521730883900409e-05,0.0011629789647383175
TBCD,-1.5072306,4.249123414816041e-05,0.001096582167438126
DAZAP1,-1.0324352,4.0574455733721467e-05,0.0010518858330421047
TMF1,-1.2161138,3.984065941453277e-05,0.0010375893473610926
CD40LG,-2.7901804,3.918306977637078e-05,0.0010216323416377454
GZMM,-1.3319948,3.5848818351368305e-05,0.0009444338001317655
UHRF2,-1.8266487,3.5673736314151925e-05,0.0009420018398871532
TESPA1,-2.435047,3.495292966788008e-05,0.0009251146338375423
ITGAL,-1.2577199,3.451299876653177e-05,0.0009145342001441166
DGKA,-1.3431159,3.449184573750567e-05,0.0009145342001441166
KLRB1,-1.090818,3.41760241442085e-05,0.0009098417094391508
ATP11B,-1.3374304,3.273816043035813e-05,0.000875659233508592
LRBA,-1.4027237,3.2377821120581175e-05,0.0008670399580549044
HECTD1,-1.2204134,3.165541879077103e-05,0.0008486933362962664
CPD,-1.3698871,3.15192579747269e-05,0.0008460393278546388
PTPN22,-1.2211843,3.109493767292295e-05,0.0008366228975308182
FBRS,-1.8153777,2.7769780093907604e-05,0.0007570008796377543
IKZF3,-1.0875493,2.508483836290873e-05,0.0006854514895756644
SNRK,-1.5170921,2.4986072864418642e-05,0.0006839992705477921
RFLNB,-2.8475482,2.1563076714402947e-05,0.0005978303924156393
TNFRSF4,-1.4612064,2.110772892062662e-05,0.0005859196654771989
PDE3B,-1.1404868,2.0622609510488745e-05,0.0005752596049972363
YY1,-1.0002025,2.0471858235402485e-05,0.0005717551376125539
ANKRD36,-1.2442269,1.974199975403027e-05,0.0005527274273077947
NDUFV1,-1.0505376,1.9445605061336094e-05,0.0005450995842440051
DUS1L,-1.224439,1.8798092709000984e-05,0.0005282496126447905
TMEM238,-2.0015466,1.8640434594426186e-05,0.0005244667147568959
ESYT1,-2.0015597,1.74458397484986e-05,0.000491463124202135
CASK,-1.3941094,1.6804979047333958e-05,0.00047399619959778884
HMOX2,-1.5929341,1.4250820515144741e-05,0.000404965264126997
NOSIP,-1.3620722,1.4181081697315588e-05,0.0004034872269928718
TUBB4B,-1.0270194,1.2168495647788762e-05,0.00034972133577647454
RELB,-1.6486018,1.2144990901379807e-05,0.0003494870833087322
MYLIP,-1.7654845,1.1310023155323845e-05,0.0003266989175907124
MVP,-1.2087927,1.0600839809731734e-05,0.00030816898563105203
FKBP11,-1.5371534,9.83777080942031e-06,0.0002893118077054588
SELL,-1.1608407,9.45460221623978e-06,0.00027912536400265866
ATP2B4,-1.5415069,9.221153320114783e-06,0.00027294134183673954
TLE4,-1.5152215,9.003015080762446e-06,0.00026822857234072616
ATXN7,-1.6871945,7.673823596335556e-06,0.00023043743100236138
CCDC12,-1.208894,7.241629698511622e-06,0.00021832314595698215
SH2D2A,-1.4184085,6.855398368241539e-06,0.00020750342773658765
USP36,-1.2045804,6.428978581655555e-06,0.00019537571492075266
VPS37B,-1.4924833,6.0480751301201355e-06,0.00018453925752251278
ARID5A,-1.170579,5.798514520433889e-06,0.0001781184716789692
PKN1,-1.2961396,5.757465094138648e-06,0.00017709651415241066
CAPN2,-1.3271939,5.411160003226788e-06,0.00016734894564327194
LEF1,-1.9401182,5.327455056791039e-06,0.00016498439728255458
ADD3,-1.2649254,5.144201819699888e-06,0.0001600692937499486
POLR2J,-1.2752311,5.080310187157712e-06,0.00015840824723299156
SLC2A4RG,-1.6052077,5.073509902201223e-06,0.00015840824723299156
SATB1,-2.3271654,5.071245078223985e-06,0.00015840824723299156
AC044849.1,-1.4772683,4.893162698730947e-06,0.00015320243376686906
STK10,-1.1192268,4.380343194659175e-06,0.0001386722834448291
RBL2,-1.0305086,4.340177584431496e-06,0.0001375920921682865
AP3M2,-2.7923007,4.334329371773419e-06,0.0001375920921682865
MYO1G,-1.5167371,4.138990592611324e-06,0.00013250591261465395
TARSL2,-1.8299239,4.022238513458309e-06,0.00012913144293841752
TRABD,-1.0517117,4.011371509091847e-06,0.00012896446086150935
SPN,-1.2170726,3.947648572701888e-06,0.00012709529959241918
TNFSF8,-2.0681007,3.925442761361868e-06,0.00012655938829195303
BCL7C,-1.064459,3.847357810957869e-06,0.00012421781346528087
MAP4K1,-1.5224868,3.82223760188361e-06,0.0001235820629177198
PXN,-1.7827196,3.740197864746181e-06,0.00012127405099337974
KAT6B,-1.4326422,3.5714319578598113e-06,0.00011646552181204159
FBXW5,-1.4650699,3.3891443427072145e-06,0.00011083865449526094
MAF,-1.018513,3.2688944557935255e-06,0.0001072140858829571
ITGB2-AS1,-1.3278228,3.1599294726412287e-06,0.0001037897758387585
GRK6,-1.6138415,3.130562476473116e-06,0.00010297379059173565
ENO3,-2.510155,3.0026473716030335e-06,9.93404934192271e-05
PHACTR2,-1.2552122,2.8018052167079e-06,9.283069918879945e-05
RASSF5,-1.1692617,2.5917887526123097e-06,8.599751543288833e-05
HUWE1,-1.1511403,2.4024528604870693e-06,7.983157957723602e-05
DENND2D,-1.5120964,1.8487724656965492e-06,6.18849395061542e-05
GOLGA8A,-2.0495744,1.767124747144261e-06,5.941402288699803e-05
RHOF,-1.4326557,1.7264031095221482e-06,5.813075085642476e-05
MAZ,-1.3205886,1.690131369026314e-06,5.7078294097591927e-05
RNF145,-1.119365,1.6596252804589167e-06,5.613133823745299e-05
GNLY,-1.2506346,1.623564437881995e-06,5.5183370220592996e-05
IQGAP2,-1.4432029,1.5871428157667304e-06,5.4081653851021435e-05
ZNF831,-2.5661533,1.5613484553820084e-06,5.328247907257163e-05
ZRANB2,-1.012629,1.5399209253485963e-06,5.2630150304481605e-05
URI1,-1.1230067,1.5205572948115037e-06,5.2046503976690895e-05
PARP1,-1.0203643,1.5045999589137038e-06,5.157786786866525e-05
NUP210,-1.4724936,1.4621436809101007e-06,5.019806103299504e-05
ST3GAL1,-1.5249044,1.4218426452532075e-06,4.8962151726555985e-05
SERINC5,-2.4604897,1.4101941307397943e-06,4.863460424833212e-05
SLFN5,-1.1144444,1.3526776406718326e-06,4.6864000695543765e-05
ANP32E,-1.1173285,1.2484599416959892e-06,4.345175105945582e-05
TRAPPC10,-1.5094844,1.1781970864876117e-06,4.1132089083789904e-05
PITPNC1,-1.7510663,1.0559156109381413e-06,3.697654020949842e-05
S1PR4,-2.496222,1.0220675410936677e-06,3.60128504185357e-05
CEBPZ,-1.1838485,8.844704433877149e-07,3.135874802553141e-05
ATP2A3,-2.0298536,8.768841136166332e-07,3.1138277993980977e-05
PRKCQ-AS1,-2.3921838,8.718614125551224e-07,3.1008296050905774e-05
STT3B,-1.1886625,8.178197663186829e-07,2.9223255134922857e-05
MPRIP,-2.1478548,7.640656753361883e-07,2.747498088783937e-05
OPTN,-1.360754,7.607643540556575e-07,2.739955415666911e-05
RBPJ,-1.0554512,7.433880773447157e-07,2.6858729232572093e-05
EPB41,-1.1689692,7.242967707456173e-07,2.621056136043202e-05
CD5,-2.20871,7.197717589419389e-07,2.608828786152295e-05
PHTF2,-1.1629463,7.087490070652299e-07,2.572973668073168e-05
LINC01871,-2.9292822,6.722476882098342e-07,2.456131922798113e-05
PRMT2,-1.0377089,6.213982889889622e-07,2.281333524833348e-05
THEM4,-1.7453028,6.197437971207605e-07,2.2789351066337237e-05
PRKX,-1.782668,6.176442201242852e-07,2.2748896016940097e-05
SH2D1A,-1.6208307,6.149548361305456e-07,2.2686551021075328e-05
SSBP4,-1.0947846,6.125737510895728e-07,2.2635395653085807e-05
PTPN7,-1.5666591,5.685711417615013e-07,2.107787675696302e-05
RBM38,-1.2143099,5.32144264985578e-07,1.9759653767702655e-05
TTC39C,-1.5452213,5.207216291291039e-07,1.936710085332788e-05
RTF1,-1.1027877,5.085415508520933e-07,1.89946406712235e-05
TMEM173,-1.3807497,4.820442297141571e-07,1.804653084992376e-05
HECA,-1.3662674,4.487784079970963e-07,1.685659096176552e-05
SNRNP200,-1.2056155,4.1742459412384175e-07,1.575691312014409e-05
OCIAD2,-1.1632336,4.1517299612126626e-07,1.5697953052678178e-05
PRDX2,-1.1681464,4.1070490231996186e-07,1.5554850227299454e-05
CDC14A,-2.272239,3.9001131512691056e-07,1.4820429974822603e-05
TMC6,-1.3610023,3.685016632922663e-07,1.4026479698760143e-05
ADAM19,-2.7498224,3.6768369650469376e-07,1.4018787771926029e-05
EMD,-1.2037883,3.6218570791064494e-07,1.385558165287748e-05
CD55,-1.0881335,3.5606230208982733e-07,1.3690354932717312e-05
IRF2BP2,-1.2410334,3.4148353572141984e-07,1.3196686315943901e-05
DGKZ,-1.2704043,3.350338271159381e-07,1.2991550209221439e-05
DEF6,-1.1729963,3.1000600015279617e-07,1.2062147992269993e-05
RSBN1,-1.5024552,2.9673610362122433e-07,1.1605338815509121e-05
ICOS,-1.8074502,2.581278748581154e-07,1.0182853877851684e-05
SP140,-1.2910722,2.4186914833343194e-07,9.558030476329128e-06
FCMR,-1.6238036,2.2705746479502198e-07,8.988316545503113e-06
TRA2A,-1.2044042,2.2535367730948862e-07,8.936411851774529e-06
CENPC,-1.3150828,1.9283440696898333e-07,7.687034625968474e-06
RPS6KA3,-1.0842851,1.8273159178896531e-07,7.30990596186367e-06
DYNLRB1,-1.8256353,1.6478956425374038e-07,6.615414570623701e-06
PACS1,-1.4653549,1.5551792275551716e-07,6.276416591774968e-06
KCNAB2,-1.8289906,1.484809193126761e-07,6.003059831962937e-06
RASGRP1,-1.7215043,1.484431186015897e-07,6.003059831962937e-06
NCK2,-1.0639523,1.2973156253153876e-07,5.30152572054378e-06
PPP1R16B,-2.0531406,1.108917682131558e-07,4.547961131653788e-06
TLK1,-1.4344497,1.0614712791332916e-07,4.369115597763469e-06
NBEAL2,-2.1045685,9.901271918931144e-08,4.0828396996143244e-06
TSTD1,-1.1149547,9.033544306477728e-08,3.738573372800837e-06
PDE4D,-1.7081733,8.497931063459062e-08,3.5233134219755042e-06
SLC9A3R1,-1.5136822,8.445217238383807e-08,3.5142602336397115e-06
PCNX1,-1.4385675,7.158193349239474e-08,2.9896293030346587e-06
PRPF4B,-1.0309261,6.260518549298587e-08,2.6243448106654593e-06
ARHGAP30,-1.4276748,6.077978663058596e-08,2.557244922893526e-06
RBMX,-1.004572,5.553468282207234e-08,2.3495919152342206e-06
GIMAP7,-1.0865043,5.0582596298152124e-08,2.160152076807765e-06
FAM102A,-2.4964767,4.9933623478523274e-08,2.1364457474025317e-06
PLP2,-1.0403136,4.534703672556746e-08,1.9512084119988024e-06
RNPEPL1,-1.6826448,4.1399888295938896e-08,1.7949414426517357e-06
TOB1,-1.3669379,4.0241576826759916e-08,1.7480510910891396e-06
SFXN1,-1.745341,4.010300684267612e-08,1.7453626037342137e-06
CD28,-2.0656316,3.5800124593475325e-08,1.5640737735061139e-06
FAM89B,-1.8387513,3.433350355587614e-08,1.5028830921901012e-06
FGD3,-1.9215134,2.9388380642278105e-08,1.28889849745575e-06
PER1,-1.1453267,2.7211529881699145e-08,1.2003659751303022e-06
CYLD,-1.2298256,2.5002391257218194e-08,1.1050571452365059e-06
FLT3LG,-1.8904238,2.023307226429154e-08,9.048039113552143e-07
ABRACL,-1.2225322,1.9713655180510387e-08,8.833114551550737e-07
BATF,-1.6361401,1.899476375582385e-08,8.527787230967702e-07
MECP2,-1.9913709,1.8693069876539925e-08,8.425577357025777e-07
ABHD17A,-1.1864538,1.8561601823417165e-08,8.382920252075823e-07
STK24,-1.1969224,1.6531197951883203e-08,7.495679836270228e-07
MZT2A,-1.266264,1.6459302379354815e-08,7.477976861454576e-07
LINC01138,-2.4743001,1.6249860921556688e-08,7.397586685929466e-07
MAP2K2,-1.389294,1.5843035254777392e-08,7.24134876444263e-07
MLLT6,-1.7206024,1.3987222097967656e-08,6.431861603917975e-07
RSL1D1,-1.162967,1.3505443697552627e-08,6.22289290371848e-07
CYFIP2,-1.5695419,1.1555132444280835e-08,5.389711571654106e-07
RCAN3,-1.8799065,1.0609161437211168e-08,4.979087270800012e-07
TCF7,-2.4981613,1.0221140823525627e-08,4.806892715394428e-07
G3BP2,-1.1233008,1.0184512410380743e-08,4.799583260560797e-07
NSD3,-1.147603,8.424884451379133e-09,3.986844488197335e-07
CBLB,-1.3219762,6.8447240388770636e-09,3.259406037090371e-07
UBXN1,-1.034516,6.536329127360657e-09,3.125628646995447e-07
TSPYL2,-1.1347924,6.151250010948378e-09,2.9476790052464627e-07
SEPTIN6,-1.1243494,5.568372156258121e-09,2.6796466600580833e-07
CCND3,-1.2530625,5.456889338629178e-09,2.6315617611414693e-07
SUN2,-1.4490387,5.4538237990531525e-09,2.6315617611414693e-07
RAPGEF6,-1.2958524,4.667456128011114e-09,2.2652587715520042e-07
NR3C1,-1.3334795,4.045361878591971e-09,1.975976975976619e-07
FOSL2,-1.3001088,3.989595630894897e-09,1.952928510761928e-07
TAPBP,-1.009847,3.7429870776777445e-09,1.8401268220756117e-07
PDCD4,-1.2490656,3.2981798421676404e-09,1.628485240074183e-07
CCDC88C,-1.594843,2.7037716766705212e-09,1.337896758790748e-07
PTGER4,-1.0130153,2.4639965579807907e-09,1.2353632082105452e-07
WNK1,-1.1350908,2.2346706155900495e-09,1.1269644133569727e-07
DPP7,-1.1655661,2.1769072006035933e-09,1.1011280377808664e-07
JMY,-2.5329428,1.911980741808147e-09,9.75796090695898e-08
BHLHE40,-1.1547866,1.8208319227344545e-09,9.334634284973345e-08
TRBC1,-1.8859283,1.8019699247755438e-09,9.25878993854197e-08
FOXO1,-2.007709,1.098548881856461e-09,5.7748659697036406e-08
CCND2,-1.6063007,9.200439111864846e-10,4.8589418808414757e-08
CASP8,-1.5060436,9.087425391448854e-10,4.8104180641897406e-08
PPP1R2,-1.222502,8.015012160774459e-10,4.282575277078597e-08
TNFRSF14,-1.4999813,7.058036914818591e-10,3.7979914008298057e-08
MALT1,-1.3601925,5.80046427162895e-10,3.15107798927967e-08
CHD3,-1.5337725,5.766042715244919e-10,3.139872351301551e-08
NDFIP1,-1.1218344,5.227604434971035e-10,2.8603541381925646e-08
RBMS1,-1.3495651,4.4497320921410686e-10,2.4524165104434624e-08
PLAAT4,-1.1114478,4.213537267711387e-10,2.3278770700885094e-08
ANKRD12,-1.0215263,2.9893365420081244e-10,1.6718250213559934e-08
SIGIRR,-1.4076085,2.841213171261469e-10,1.5968319556605818e-08
KDM2A,-1.4778064,2.316458175242867e-10,1.3116224125591577e-08
NIBAN1,-1.5762603,2.1058980415861264e-10,1.1953728484434766e-08
TERF2IP,-1.176536,2.0364353927758513e-10,1.1588335602590983e-08
ARHGAP9,-1.3847059,1.8712809991162133e-10,1.070203469896564e-08
CTLA4,-1.4775431,1.676591321879832e-10,9.612738455573988e-09
ARHGAP45,-1.4578701,1.4438155012931514e-10,8.29902233344311e-09
CD6,-2.7100465,1.437171958105728e-10,8.281748888709514e-09
ITGB7,-2.569415,1.3136383884129095e-10,7.6084063605737e-09
ARHGAP4,-1.2573037,1.1730174187204538e-10,6.828701402791552e-09
LBH,-1.7270255,1.141904001188961e-10,6.681752924180753e-09
ZNF292,-1.7014284,1.0664511647560652e-10,6.272496488934769e-09
ANKRD44,-1.215493,9.324822161464139e-11,5.4987461668198636e-09
NOP58,-1.3978341,7.712785617178248e-11,4.5957703198484625e-09
P2RY8,-3.0340059,7.710381104714775e-11,4.5957703198484625e-09
PIM2,-1.7333235,7.280203674397168e-11,4.372348180385972e-09
IRF1,-1.4259008,6.92095578293431e-11,4.178641791277209e-09
TUBA4A,-1.4520186,4.228428018268644e-11,2.5942716590789992e-09
APRT,-1.0833225,3.048504516830986e-11,1.8855994514159488e-09
RIPOR2,-1.9660295,2.805388731904617e-11,1.7447065113555433e-09
SEMA4D,-1.6021388,2.250432350920199e-11,1.4111388752519441e-09
GRK2,-1.3040966,2.2203668004885942e-11,1.3961322959315297e-09
KMT2A,-1.3720175,2.207602273802472e-11,1.3919513284291378e-09
DIAPH1,-1.7072955,1.9053256899429864e-11,1.2054694954832146e-09
VAMP2,-1.0600725,1.7712054286049534e-11,1.1261502225113394e-09
ALDOA,-1.166876,1.640517107417762e-11,1.0459790027743167e-09
CNN2,-1.4681151,1.4063877613731827e-11,8.992190512465276e-10
CD247,-1.52605,1.1227543363822253e-11,7.260265399071651e-10
SYTL1,-2.101204,1.0648226853622205e-11,6.905268935673751e-10
LDHB,-1.1313889,1.0337650273426652e-11,6.723017014963928e-10
SNX9,-1.5227226,9.436653002781192e-12,6.154644574478668e-10
DUSP4,-1.5476876,7.380577012561621e-12,4.85539577918866e-10
SNRPD2,-1.0136443,7.356436666491173e-12,4.853542359497741e-10
ERN1,-1.9723101,7.2630264270426215e-12,4.805843242219307e-10
CLEC2D,-1.8695217,4.608227072804137e-12,3.0850724891519926e-10
GMFG,-1.0190628,4.276147832777039e-12,2.871199910609763e-10
RASAL3,-1.692394,3.3137285993235624e-12,2.244853880291754e-10
PRKCH,-1.5302099,2.780710906708908e-12,1.9064620981478364e-10
ARHGAP15,-1.3745357,2.682169033927335e-12,1.8444571465333533e-10
ARAP2,-1.8344401,1.4493200451431052e-12,1.0119454867345816e-10
GZMA,-1.4768633,1.4216478374072387e-12,9.956784023096482e-11
TMEM259,-1.7092468,1.364150241444015e-12,9.613246995587824e-11
BIRC3,-1.717943,1.2546395266071258e-12,8.868976678456957e-11
CDK17,-1.9335309,1.2364773456625186e-12,8.767818486595093e-11
CDV3,-1.088875,1.1381995020762983e-12,8.121535130489248e-11
OGT,-1.5044612,9.477969538441572e-13,6.805600714006531e-11
PBXIP1,-2.1202862,9.384737358083414e-13,6.759980751414388e-11
LRRFIP1,-1.0777315,6.295126121632863e-13,4.548878120019277e-11
TBC1D10C,-1.7202952,3.611279346251723e-13,2.6261961814498954e-11
RESF1,-1.1085286,3.2404875064767934e-13,2.3641018148213067e-11
SKAP1,-1.6248395,2.7332776113861877e-13,2.0134260514683625e-11
MZT2B,-1.1168692,2.6313259904638823e-13,1.9446182530824315e-11
RPS4Y1,-1.0553039,2.4283003678735195e-13,1.8004225724279172e-11
CYTIP,-1.1158953,2.1750141545233563e-13,1.617897783832047e-11
RSRP1,-1.2130848,1.853063144995747e-13,1.3874810298155655e-11
STAT3,-1.2037743,1.6853668080228845e-13,1.266083144693627e-11
EMB,-1.4467685,1.377340404730177e-13,1.0381133209426585e-11
RUNX3,-2.4022202,1.3753977703969058e-13,1.0381133209426585e-11
KLF13,-2.0108576,1.2907111081608525e-13,9.793055414652442e-12
ADGRE5,-1.4451319,1.2284060208336684e-13,9.351497607430087e-12
JAK3,-2.1611798,9.124045549578305e-14,7.016267729712884e-12
ANXA6,-1.7287228,7.566218897957493e-14,5.8380432052646935e-12
WIPF1,-1.198794,7.012610641236986e-14,5.429287191014839e-12
CAMK4,-3.314251,3.8630550092075066e-14,3.053154795818794e-12
GOLGA8B,-2.7438948,2.7539471311509407e-14,2.184158348406192e-12
GSTK1,-1.1650342,2.4122293907061573e-14,1.9198309577361385e-12
CD99,-1.0681217,1.8859343152745183e-14,1.506232873132582e-12
EIF4B,-1.386143,1.3332200647970728e-14,1.072323502293674e-12
CDC42SE2,-1.7063513,1.2913275104455214e-14,1.0423119430057078e-12
EMP3,-1.2031438,1.1625340220512797e-14,9.416939291790472e-13
LCK,-1.717402,8.129651286884838e-15,6.656371316261607e-13
SYTL3,-1.926725,7.496860279786724e-15,6.160416378646404e-13
CD96,-1.8068986,7.315847136977303e-15,6.033453352604252e-13
TRAF3IP3,-1.7377183,6.935709045323452e-15,5.740749428714633e-13
LINC01578,-1.1048236,6.304980355347616e-15,5.276248634133178e-13
STAT4,-2.0689745,5.639882695435748e-15,4.77230520124567e-13
TMC8,-2.1657932,5.094952583461603e-15,4.327287712863918e-13
HINT1,-1.1054097,4.583083558502284e-15,3.9071216463905993e-13
INPP4B,-2.7147257,3.1797508511429122e-15,2.731225995234527e-13
TC2N,-2.4628525,2.0993026188355134e-15,1.8168945326971088e-13
ARID4B,-1.3967931,1.245542550171154e-15,1.0862467251722532e-13
LINC-PINT,-2.0030787,1.2427014256825925e-15,1.0862467251722532e-13
PDE7A,-1.909268,1.0235480852683951e-15,9.030233146077212e-14
STK17A,-1.381355,9.901069708745418e-16,8.803443309002469e-14
ARID5B,-1.701726,9.169075808067631e-16,8.18456876640139e-14
TENT5C,-2.5670352,7.597713104169478e-16,6.808627782563215e-14
LCP1,-1.1146653,5.682418145983651e-16,5.112379519323315e-14
ICAM3,-1.9369469,4.915774158943184e-16,4.440192516105743e-14
ARGLU1,-1.1943998,3.972976359088067e-16,3.602903899823211e-14
RORA,-2.2640417,2.0599977251293146e-16,1.883119205598131e-14
LIME1,-2.0826921,1.809175990491994e-16,1.6605025764346274e-14
JAK1,-1.2613405,1.641699025752595e-16,1.5190387489504296e-14
FAM177A1,-1.7636149,9.241867168820937e-17,8.728770974966895e-15
CD7,-1.6077244,5.479901317421165e-17,5.263017459373019e-15
FNBP1,-1.410084,4.661457089096346e-17,4.4959358585597895e-15
GSPT1,-1.6181083,3.8329159839294774e-17,3.712546111753309e-15
EPC1,-1.4991641,2.0584374260008542e-17,2.019575547009976e-15
IDS,-1.5047466,1.886622644559291e-17,1.8671002015416774e-15
PARP8,-1.6444939,1.7944649573197912e-17,1.783651151026772e-15
PBX4,-3.4953134,1.3726908233115602e-17,1.3825304654963599e-15
AKNA,-1.9078294,1.2652039002934639e-17,1.2799364968213255e-15
PPP2R5C,-1.6211965,1.1342493293999155e-17,1.1525796087411105e-15
SF1,-1.1917881,8.198161938028118e-18,8.405700992495316e-16
CYTH1,-1.8065366,5.890711871836109e-18,6.179003853766522e-16
PCED1B-AS1,-1.3588058,5.754637607907455e-18,6.064215797740254e-16
LAT,-2.0805044,5.491730231717683e-18,5.814082024853856e-16
BCL11B,-2.43359,1.9825341331426224e-18,2.138693930738975e-16
TRAC,-2.029673,1.6940055506708765e-18,1.853795881940889e-16
AL138963.4,-1.1930364,1.637798032767973e-18,1.8009448706214785e-16
AAK1,-1.6324708,1.2824998403473199e-18,1.417100066309985e-16
RHOH,-1.9201307,1.2533513900446056e-18,1.3916480165948934e-16
SLC38A1,-2.3559752,4.932311430603241e-19,5.55788479125698e-17
ACAP1,-1.9538573,4.344225591366522e-19,4.919565318939541e-17
ARHGDIB,-1.0316386,3.820645541708471e-19,4.348276691018411e-17
CNOT6L,-2.4473245,1.4142608895832838e-19,1.650841352240754e-17
GPRIN3,-1.8042878,4.4532769856252486e-20,5.252097966155539e-18
PRDM1,-1.472712,1.920507062167173e-20,2.300767460476273e-18
RNF125,-2.84984,1.391654790159624e-20,1.6849386347666683e-18
GATA3,-2.65327,7.359928017587338e-21,9.0554962992607e-19
EEF1D,-1.1728144,2.9967769053067395e-21,3.768653918154254e-19
MYH9,-1.303551,2.296302866975552e-21,2.936429542589748e-19
EVL,-1.352584,2.2726777488556402e-21,2.92263790505379e-19
EZR,-1.6222181,2.2645168092087496e-21,2.92263790505379e-19
NAP1L4,-1.9329791,2.061288426009502e-21,2.6810884087330446e-19
RPSA,-1.0457348,2.001842585917196e-21,2.6187322379682306e-19
SEPTIN1,-2.1504323,1.9634522552379083e-21,2.5833583950130213e-19
EML4,-1.5260969,1.322268521463418e-21,1.7498532607878092e-19
GNG2,-1.894886,6.825514578808353e-22,9.138962520166807e-20
FXYD5,-1.197744,6.587256399188864e-22,8.872137879191533e-20
LSP1,-1.4237746,3.6364561035446277e-22,4.956467893945079e-20
SMCHD1,-1.5109924,3.3101215349295654e-22,4.5388546010883595e-20
CRYBG1,-2.1240776,2.446286577503389e-22,3.3746893986140693e-20
STK17B,-1.3742841,2.2537634047041736e-22,3.128058696211976e-20
TNFAIP3,-1.1214322,1.8569151798668642e-22,2.593073823566231e-20
CORO1A,-1.2785672,1.2059733914093335e-22,1.7049916978421895e-20
PTPRCAP,-3.6132388,1.0270980844986815e-22,1.4611754124599368e-20
TLE5,-1.5090115,8.70468169893118e-23,1.2540250938675412e-20
SEPTIN9,-1.7429786,5.608267319165411e-23,8.130915969353063e-21
S100A4,-1.0852703,1.2536619215432145e-23,1.8897915667660032e-21
RAC2,-1.4801041,1.0354260654713192e-23,1.5712245401505444e-21
CEMIP2,-2.4006839,5.1018154935055256e-24,7.793793574709582e-22
OXNAD1,-2.1376197,1.952728182820748e-24,3.044383486120949e-22
FAM107B,-1.9671736,1.3687921617011845e-24,2.178772530394571e-22
ARHGEF1,-1.8512374,1.113989116068679e-24,1.7856774830954416e-22
EEF2,-1.2589724,7.90497357160113e-25,1.2761206272112407e-22
RNF19A,-1.9293039,3.68647943915854e-25,6.080553985081644e-23
STK4,-1.5898966,3.1712331286878653e-25,5.2688765310359995e-23
SYNE2,-1.9576998,1.6966313269991742e-25,2.8606460937152e-23
LEPROTL1,-1.811411,1.308994001990388e-25,2.2402497348349783e-23
NOP53,-1.6687934,9.171780626208391e-26,1.5936493939981326e-23
LIMD2,-1.656116,1.804821181933815e-26,3.260423789141071e-24
CD3G,-2.290619,3.635567149989769e-27,6.896064955672261e-25
BTG1,-1.1681645,6.892976867416671e-28,1.329643554713036e-25
ZAP70,-2.6520245,8.670259198170701e-29,1.7464817687501016e-26
ITK,-2.7320206,1.5375500324720058e-29,3.152947192714216e-27
FLNA,-2.039534,1.5123518157650617e-29,3.1294683664040303e-27
CD44,-1.6817708,3.936470954454437e-30,8.296477024564064e-28
FYN,-2.0698957,8.35739726185598e-31,1.8291449660996713e-28
IKZF1,-2.0451133,4.983109802229898e-34,1.1574035236567034e-31
CD3D,-2.1360307,6.242163923050531e-35,1.56136412325798e-32
ARL4C,-1.993641,5.582407261834071e-35,1.4118528232651903e-32
SARAF,-1.6165859,2.345694779583797e-37,6.432855972636915e-35
ZFP36L2,-1.2991006,2.0574968149648494e-39,6.0041977566961415e-37
RPS3,-1.0535728,6.336241542278665e-40,1.9230070664712927e-37
CD2,-2.0564883,4.623986375858217e-40,1.422313214693037e-37
IL7R,-2.6434307,2.4081304415951036e-40,7.508748645422978e-38
CRIP1,-1.9261595,3.8822316112651304e-43,1.3388993323578317e-40
CD3E,-2.1917028,1.080622357691754e-43,3.8433009540280785e-41
AHNAK,-2.0871513,8.530115120825232e-44,3.0819441330194273e-41
IL2RG,-2.154276,3.685324649602208e-46,1.4462993047283702e-43
TRBC2,-2.4765713,8.318331864120736e-47,3.4425794525657487e-44
SPOCK2,-2.394081,4.821740982712794e-47,2.0708012877077097e-44
LTB,-2.552237,4.366582640998655e-55,2.258912592600259e-52
CD52,-2.0864902,7.661364201366548e-57,4.055534231430357e-54
ETS1,-2.4466188,1.0578557233617091e-62,6.688586659766452e-60
RPS10,-3.2794344,1.0019880633605302e-68,6.516357799489254e-66
MTRNR2L12,-1.4271215,1.1102092394251798e-85,9.025208109927123e-83
IL32,-2.673788,2.929454184107465e-86,2.469638375505708e-83
