UMAP_1,UMAP_2,leiden,cell_type
7.2890964,1.4997605,6,T cells
-6.3575296,1.969858,3,T cells
9.396596,1.3984792,0,T cells
9.409343,0.9811601,0,T cells
7.462784,9.2716055,2,T cells
-5.6486883,2.8079598,3,T cells
8.478655,9.769396,2,T cells
10.278433,0.88407135,0,T cells
10.1637745,6.7967362,4,T cells
9.779033,4.2683535,4,T cells
10.572706,0.14890575,0,T cells
6.8694124,0.64501274,6,T cells
7.3065786,9.907637,2,T cells
9.39881,6.5564723,4,T cells
11.011339,5.796892,1,T cells
4.700771,6.082885,5,T cells
10.904069,4.364659,1,T cells
5.4559865,7.926078,5,T cells
10.152534,0.79283875,0,T cells
11.20557,5.4175453,1,T cells
-5.6405597,2.9668994,3,T cells
8.994158,1.3606828,0,T cells
11.257691,6.2449083,1,T cells
7.8935456,9.134577,2,T cells
5.04354,7.7809443,5,T cells
9.027072,2.3445582,0,T cells
10.837187,5.9653444,1,T cells
11.009184,0.97993517,0,T cells
11.821079,6.0264573,1,T cells
9.409497,0.7233795,0,T cells
11.652192,4.5243106,1,T cells
8.720097,7.127373,4,T cells
11.304093,6.212056,1,T cells
7.494152,10.138312,2,T cells
11.703546,1.1528478,0,T cells
11.240995,5.2666287,1,T cells
11.391009,7.5233154,1,T cells
7.649067,6.4379516,4,T cells
9.683381,2.1032987,0,T cells
11.053273,6.1287785,1,T cells
9.384099,0.56045526,0,T cells
11.278157,2.222272,0,T cells
9.580279,4.6247177,4,T cells
10.228643,1.0881788,0,T cells
8.27844,10.239812,2,T cells
10.045101,5.1168103,4,T cells
7.6391797,0.45225313,6,T cells
-3.7493749,1.3233063,3,T cells
11.201726,5.4396534,1,T cells
11.2872305,0.22135536,0,T cells
11.528094,3.895362,1,T cells
7.0888343,0.21165368,6,T cells
11.880903,6.580077,1,T cells
9.511812,2.6378188,0,T cells
11.383625,4.2788363,1,T cells
10.376479,1.8687103,0,T cells
6.6772585,10.208884,2,T cells
9.897845,5.486911,4,T cells
7.7700195,7.9972043,2,T cells
12.140861,6.6052,1,T cells
7.6065283,8.571504,2,T cells
12.176464,7.173503,1,T cells
-5.8110237,2.829846,3,T cells
10.815307,0.35556698,0,T cells
7.7019258,10.356019,2,T cells
11.600939,7.233442,1,T cells
-3.795451,1.1976869,3,T cells
10.421396,1.5174316,0,T cells
-4.568841,1.4006187,3,T cells
5.8560443,8.115144,5,T cells
11.266189,6.9339843,1,T cells
12.7314005,6.384896,1,T cells
8.04151,10.122978,2,T cells
7.1966434,1.8215497,6,T cells
10.964172,7.0829234,1,T cells
5.6834264,6.8360634,5,T cells
10.215057,2.3779104,0,T cells
12.115517,3.0703993,1,T cells
-3.8856804,1.384011,3,T cells
11.398087,4.941075,1,T cells
11.207685,1.3496461,0,T cells
9.024806,2.324172,0,T cells
11.599951,1.7600576,0,T cells
10.729781,5.682136,1,T cells
6.939312,8.431416,2,T cells
11.2355,6.7923656,1,T cells
-5.6932015,2.6085677,3,T cells
13.525227,5.9385915,7,T cells
5.5805125,7.8804555,5,T cells
7.2720056,0.8352986,6,T cells
10.306259,3.1933703,1,T cells
9.095071,4.657285,4,T cells
9.862541,0.044534374,0,T cells
11.944494,4.1429543,1,T cells
9.949265,6.6054616,4,T cells
8.14213,5.2308865,4,T cells
12.556498,4.9527454,1,T cells
11.55264,1.7926923,0,T cells
-6.006932,2.0988257,3,T cells
-4.6324487,1.9239943,3,T cells
10.107553,1.5745184,0,T cells
10.247305,6.9024835,4,T cells
12.277634,4.2941175,1,T cells
8.487753,7.0609612,4,T cells
11.068576,5.5925612,1,T cells
13.59738,6.059518,7,T cells
9.302389,1.7701955,0,T cells
8.074513,9.668012,2,T cells
9.854919,1.7433931,0,T cells
10.63541,2.2048416,0,T cells
7.328494,10.050979,2,T cells
9.80859,0.58547366,0,T cells
11.753576,4.3387094,1,T cells
9.66971,1.824867,0,T cells
7.341122,9.344934,2,T cells
7.3619795,-0.0811273,6,T cells
9.930189,3.2217035,0,T cells
10.832937,6.569423,4,T cells
7.7125473,9.70003,2,T cells
9.122252,6.063066,4,T cells
10.668486,1.239076,0,T cells
10.525624,5.609976,1,T cells
7.59027,0.66262054,6,T cells
7.6039686,5.7049646,4,T cells
11.010456,1.1548463,0,T cells
13.1493845,4.984087,7,T cells
10.848322,1.979528,0,T cells
6.7932625,7.9177995,5,T cells
9.991532,7.1338468,4,T cells
10.424939,0.43391332,0,T cells
10.791731,7.0385337,4,T cells
7.2699885,0.32971564,6,T cells
5.1779647,5.8454623,5,T cells
11.756518,6.705328,1,T cells
11.266832,6.4421926,1,T cells
5.8948956,6.0636373,5,T cells
7.931407,0.15346375,6,T cells
9.529,7.495951,4,T cells
7.8042645,0.093765266,6,T cells
10.466434,0.6591771,0,T cells
10.664554,6.282906,1,T cells
9.823525,0.847823,0,T cells
9.616155,6.6620955,4,T cells
13.154486,4.4569187,1,T cells
10.972243,1.2647195,0,T cells
5.428727,7.6371293,5,T cells
9.792622,3.0617797,0,T cells
-6.1613073,2.3283334,3,T cells
11.113683,0.97106934,0,T cells
-3.7258048,1.7106311,3,T cells
7.873164,0.17921214,6,T cells
-5.1055565,3.2220907,3,T cells
-4.94628,2.7444518,3,T cells
10.854383,2.1645863,0,T cells
11.592146,3.83738,1,T cells
10.036485,0.53244424,0,T cells
-4.6017804,2.7772064,3,T cells
7.2236238,9.737758,2,T cells
-4.3685746,1.3588502,3,T cells
10.974894,5.957497,1,T cells
10.42752,3.76399,1,T cells
7.0126867,6.1247363,5,T cells
11.284065,6.915438,1,T cells
6.708301,6.394171,5,T cells
8.7694235,2.0403574,0,T cells
7.6415434,9.70348,2,T cells
10.962861,2.0193985,0,T cells
6.2960243,8.360609,5,T cells
10.554106,7.1900764,1,T cells
11.661365,0.698588,0,T cells
10.5948715,0.5555794,0,T cells
6.673187,9.970087,2,T cells
7.2137175,10.038674,2,T cells
11.969362,0.94436216,0,T cells
4.654874,5.95456,5,T cells
-4.6863303,1.8649503,3,T cells
-5.93152,2.408114,3,T cells
9.886119,1.392893,0,T cells
9.589023,4.946068,4,T cells
10.238705,6.297303,1,T cells
8.962281,1.6827834,0,T cells
-3.0519722,1.5238069,3,T cells
10.1056595,2.0099826,0,T cells
7.371238,7.9594274,2,T cells
-6.2392445,2.7154315,3,T cells
8.003781,9.842649,2,T cells
12.915306,4.6624994,7,T cells
-6.2386947,2.3629758,3,T cells
11.431995,6.942107,1,T cells
10.570502,2.09459,0,T cells
5.0575285,5.825209,5,T cells
7.5389977,0.05873347,6,T cells
12.258119,1.7552162,0,T cells
7.825902,9.691147,2,T cells
12.446843,6.1652403,1,T cells
14.182569,5.666742,7,T cells
8.52226,5.44802,4,T cells
9.724115,5.3057094,4,T cells
10.463901,0.7955506,0,T cells
9.1480255,5.6518884,4,T cells
8.145355,4.8568616,4,T cells
9.420363,0.8054197,0,T cells
10.2016325,3.9990625,1,T cells
11.522442,0.58054227,0,T cells
11.767486,1.992954,0,T cells
9.819281,2.087779,0,T cells
7.7374296,9.843931,2,T cells
11.900783,0.7493461,0,T cells
10.177719,7.5455027,4,T cells
12.231115,4.8623986,1,T cells
12.451801,4.175339,1,T cells
6.5235,6.7554793,5,T cells
11.585559,1.7899774,0,T cells
10.500655,2.546524,0,T cells
9.136581,2.5916781,0,T cells
7.4586744,8.920412,2,T cells
11.966917,4.523155,1,T cells
7.374987,1.1071414,6,T cells
4.598165,5.8851585,5,T cells
8.800736,2.2902231,0,T cells
8.448716,9.026324,2,T cells
11.656485,4.1737294,1,T cells
9.015897,5.0740705,4,T cells
11.406557,7.132021,1,T cells
11.512463,2.8070745,0,T cells
7.2684245,8.812796,2,T cells
14.053123,5.492389,7,T cells
9.014114,0.2168534,0,T cells
-3.6522832,2.0578673,3,T cells
4.6945,5.8335404,5,T cells
10.849883,1.9508989,0,T cells
11.617931,1.8323622,0,T cells
11.520755,5.7397685,1,T cells
9.221155,1.6916742,0,T cells
-3.2965214,1.5181994,3,T cells
6.7166786,9.543566,2,T cells
9.366557,5.043489,4,T cells
6.9878078,9.683689,2,T cells
7.9792314,7.7566113,2,T cells
11.699519,5.3955297,1,T cells
10.971634,1.594733,0,T cells
10.532112,6.4650207,1,T cells
-5.5450306,2.0710888,3,T cells
7.776385,5.8323126,4,T cells
7.523548,10.263891,2,T cells
-4.5906234,2.6929076,3,T cells
13.555531,4.7982717,7,T cells
13.068185,5.7814417,7,T cells
7.211737,6.255829,4,T cells
-3.596217,1.3066092,3,T cells
-5.097722,3.2986639,3,T cells
14.199115,5.922515,7,T cells
8.69889,0.86386204,6,T cells
9.9278,0.7502899,0,T cells
11.038796,3.9091575,1,T cells
6.7321067,10.483204,2,T cells
-4.649342,1.6569608,3,T cells
11.730752,1.7853817,0,T cells
10.407477,5.823809,4,T cells
6.1152225,8.512743,5,T cells
9.759813,7.113747,4,T cells
-6.1773305,2.1295726,3,T cells
-5.105115,1.9174306,3,T cells
11.993407,4.530716,1,T cells
7.878014,-0.25976273,6,T cells
6.695935,6.409967,5,T cells
11.5711155,3.3142488,1,T cells
9.372645,2.6941082,0,T cells
10.177762,1.4708093,0,T cells
11.998024,4.936067,1,T cells
7.062141,9.603657,2,T cells
6.5165305,7.814433,5,T cells
6.7687283,1.2378479,6,T cells
14.104861,5.364983,7,T cells
-5.9388795,2.9474313,3,T cells
10.437463,0.20744303,0,T cells
11.524516,6.3240943,1,T cells
-6.0891504,2.2628667,3,T cells
12.478646,5.055018,1,T cells
11.398064,3.5759244,1,T cells
12.091875,1.7451428,0,T cells
5.8680205,8.10681,5,T cells
9.824322,3.905506,1,T cells
8.027813,9.83199,2,T cells
10.959978,7.219292,4,T cells
9.775636,4.7960534,4,T cells
-4.5217137,1.588827,3,T cells
11.150011,6.17137,1,T cells
11.796093,3.9332144,1,T cells
7.670155,1.1740966,6,T cells
10.181703,0.5128625,0,T cells
7.232243,1.3113912,6,T cells
6.470082,9.409537,2,T cells
5.0420647,6.4085236,5,T cells
10.495315,2.1124506,0,T cells
10.921996,0.50996494,0,T cells
12.574675,7.397982,1,T cells
9.795592,1.7372773,0,T cells
11.860644,2.9026153,0,T cells
12.041551,4.782291,1,T cells
-5.8641534,2.2323139,3,T cells
-5.3422847,2.6166544,3,T cells
-6.115687,2.06925,3,T cells
8.18177,10.011127,2,T cells
12.2326145,3.7870803,1,T cells
11.298441,1.2679522,0,T cells
7.03643,1.1124431,6,T cells
10.28891,2.4082181,0,T cells
8.205995,10.294146,2,T cells
11.860937,3.2889564,1,T cells
11.833632,2.8022456,0,T cells
12.547822,4.5033164,1,T cells
8.023402,-0.17448501,6,T cells
10.649819,4.48924,1,T cells
12.247004,6.1518636,1,T cells
-5.718365,2.7391038,3,T cells
-6.2252755,3.1765497,3,T cells
11.657314,6.389597,1,T cells
-5.924912,2.4476345,3,T cells
-5.9538555,2.1743834,3,T cells
10.6093445,2.0952873,0,T cells
11.253998,6.3758793,1,T cells
8.182848,9.596966,2,T cells
8.22994,9.73556,2,T cells
7.8521748,8.247019,2,T cells
8.257521,5.3242893,4,T cells
9.156738,2.2115815,0,T cells
8.765241,5.3402605,4,T cells
7.9976635,9.524495,2,T cells
7.920958,0.51575476,6,T cells
11.3171625,5.492596,1,T cells
11.477995,5.19878,1,T cells
12.639511,7.487142,1,T cells
9.250547,2.1786075,0,T cells
11.827603,5.502416,1,T cells
10.889881,5.761071,1,T cells
9.563888,7.528377,4,T cells
-5.4702406,2.5066144,3,T cells
-4.2096524,1.7280893,3,T cells
11.110803,1.3559545,0,T cells
10.615876,3.5292938,1,T cells
11.393661,6.4944997,1,T cells
10.477619,3.2988167,0,T cells
7.718831,9.825928,2,T cells
11.099268,5.093682,1,T cells
10.9826,6.6314836,7,T cells
7.9061675,1.2728486,6,T cells
11.664789,5.709208,1,T cells
12.171563,5.31298,1,T cells
11.383883,5.834864,1,T cells
11.540678,3.4847598,1,T cells
10.7996645,3.7432225,1,T cells
6.542838,6.4519963,5,T cells
10.965301,5.6817865,1,T cells
12.428247,7.5546885,1,T cells
-5.960544,2.762974,3,T cells
9.758317,1.9054322,0,T cells
5.256539,6.4784803,5,T cells
11.582018,6.039023,1,T cells
8.8357725,5.9850883,4,T cells
10.413754,6.547526,1,T cells
11.886451,4.89247,1,T cells
6.692706,1.023106,6,T cells
6.6922703,9.315843,2,T cells
10.777574,3.907884,1,T cells
7.8200397,6.9620905,5,T cells
12.327902,6.2908816,1,T cells
13.1253195,5.762436,7,T cells
11.271284,5.575836,1,T cells
11.609578,5.6384764,1,T cells
7.2619176,1.4659823,6,T cells
-6.5591674,1.9771605,3,T cells
6.451581,7.9533043,5,T cells
8.953299,5.6174846,4,T cells
11.57036,5.1940746,1,T cells
12.414079,5.622108,1,T cells
8.0544,5.7936115,4,T cells
-4.255867,2.3301735,3,T cells
9.956657,6.35291,4,T cells
9.465299,-0.20850001,0,T cells
11.318315,7.408444,1,T cells
12.077301,2.330299,0,T cells
9.250565,5.619733,4,T cells
-5.302775,1.8194234,3,T cells
12.125912,6.519047,1,T cells
4.921975,6.140198,5,T cells
6.6581426,1.3841424,6,T cells
11.253938,2.3791828,0,T cells
10.6585,3.766709,1,T cells
9.306131,6.1397185,4,T cells
-5.036463,1.8731341,3,T cells
9.406109,5.7873125,4,T cells
8.262643,10.408319,2,T cells
6.9274316,8.458657,2,T cells
6.904295,9.936724,2,T cells
9.659983,0.623988,0,T cells
8.887036,8.242235,2,T cells
10.274989,1.0456916,0,T cells
10.448877,5.0063047,1,T cells
10.392005,7.292045,4,T cells
10.014922,1.4072293,0,T cells
10.415343,0.61457425,0,T cells
11.089082,5.3108315,1,T cells
10.537226,3.2526214,0,T cells
11.831951,2.645095,0,T cells
9.762954,4.0611525,1,T cells
9.905993,1.2273296,0,T cells
8.466848,9.696022,2,T cells
7.58226,10.197877,2,T cells
9.4472,1.5023018,0,T cells
7.9225106,2.300289,6,T cells
11.432687,0.7567902,0,T cells
11.619429,7.1469164,1,T cells
7.7359557,8.665757,2,T cells
12.316555,7.0152807,1,T cells
-5.834227,1.8109522,3,T cells
11.070727,2.6752195,0,T cells
9.613807,6.842942,4,T cells
10.214392,-0.19109519,0,T cells
9.706135,0.99101967,0,T cells
-3.4266577,1.7726817,3,T cells
10.517302,1.7292137,0,T cells
8.819546,2.2121882,0,T cells
6.4633803,6.263108,5,T cells
11.517024,1.701878,0,T cells
11.7507715,3.9680388,1,T cells
7.541388,8.722402,2,T cells
11.451316,7.0145683,1,T cells
10.658591,5.903074,1,T cells
13.027266,6.7684317,1,T cells
-6.465717,2.126483,3,T cells
6.876792,6.3498034,4,T cells
10.239729,1.059635,0,T cells
12.09981,4.892456,1,T cells
7.040936,1.1089394,6,T cells
-6.00887,3.2073236,3,T cells
9.677263,5.1869044,4,T cells
10.242017,1.7718614,0,T cells
12.321632,5.907101,1,T cells
6.526579,9.8681965,2,T cells
11.752196,5.328218,1,T cells
10.087884,7.3666887,4,T cells
7.7152014,0.50004995,6,T cells
8.984717,1.1224926,0,T cells
7.6015635,2.5022833,6,T cells
11.552897,2.2449596,1,T cells
-5.0674915,1.7266595,3,T cells
10.124843,5.5802994,4,T cells
9.407924,1.406451,0,T cells
12.425028,6.842624,1,T cells
13.067877,4.929968,7,T cells
12.6238365,5.419963,1,T cells
-4.527463,2.4834301,3,T cells
8.233239,9.530422,2,T cells
11.536577,3.7442174,1,T cells
10.692284,0.44756004,0,T cells
7.208606,10.048632,2,T cells
10.444382,4.258883,1,T cells
9.406096,5.299689,4,T cells
11.143456,6.850604,1,T cells
12.782527,6.5921535,1,T cells
7.806849,5.1500955,4,T cells
13.1523,5.3607845,7,T cells
7.9778996,10.415071,2,T cells
10.320127,4.8037505,1,T cells
12.655194,6.678063,1,T cells
9.608245,0.5830684,0,T cells
9.249419,1.1031996,0,T cells
7.055467,8.581814,2,T cells
9.88406,4.8068123,4,T cells
11.071547,3.8871047,1,T cells
-5.0292873,2.965597,3,T cells
12.084097,4.112432,1,T cells
8.444207,5.494893,4,T cells
-5.514121,2.6298373,3,T cells
12.676925,6.6372967,1,T cells
7.6784797,0.47152352,6,T cells
10.852246,5.260673,1,T cells
12.3907,2.7667148,0,T cells
10.519055,1.1942414,0,T cells
10.359331,6.911493,4,T cells
12.469537,7.187958,1,T cells
-3.0737174,1.8299212,3,T cells
8.265243,10.052262,2,T cells
-5.5083885,2.965771,3,T cells
10.86854,6.896295,1,T cells
8.047229,0.6980441,6,T cells
-5.544944,3.2161927,3,T cells
7.948196,0.3883575,6,T cells
7.1683784,1.1403898,6,T cells
10.570677,2.8445888,0,T cells
8.448034,1.6869544,0,T cells
9.378529,2.6967673,0,T cells
10.2226515,2.1006694,0,T cells
-6.064758,1.6997147,3,T cells
8.958732,2.7725692,0,T cells
11.820518,5.6750836,1,T cells
7.804628,-0.13770913,6,T cells
9.240141,3.0566442,0,T cells
10.589984,2.544839,0,T cells
8.226066,0.076331414,6,T cells
7.5198393,0.6894257,6,T cells
8.249521,9.071943,2,T cells
11.171957,0.692525,0,T cells
7.741916,9.151912,2,T cells
11.156699,1.9331491,0,T cells
10.518802,2.4019465,0,T cells
7.892784,9.738574,2,T cells
4.744741,6.1649194,5,T cells
12.078732,5.844537,1,T cells
6.6370945,8.0026655,5,T cells
7.498292,1.1112368,6,T cells
6.7822313,9.761728,2,T cells
11.444174,1.4049832,0,T cells
12.149485,6.5189447,1,T cells
9.165844,2.295743,0,T cells
8.171325,9.629029,2,T cells
13.2583885,5.994717,7,T cells
11.441899,7.122262,1,T cells
8.080468,1.1748875,6,T cells
11.565225,6.469909,1,T cells
10.886219,1.0167872,0,T cells
6.0976796,7.665472,5,T cells
7.8127556,5.87464,4,T cells
7.000242,1.3854991,6,T cells
5.954174,7.9786396,5,T cells
11.955132,7.0675383,1,T cells
9.082159,6.437223,4,T cells
10.944142,3.2157142,0,T cells
12.263951,6.9067554,1,T cells
7.7439346,9.998453,2,T cells
9.579269,1.5372216,0,T cells
7.2740955,9.759723,2,T cells
7.483667,10.538671,2,T cells
6.9919176,1.7499716,6,T cells
13.73363,5.970302,7,T cells
7.352501,8.950684,2,T cells
-4.295633,1.7825402,3,T cells
10.871959,1.5357,0,T cells
11.764921,5.3019295,1,T cells
6.997447,10.260768,2,T cells
-6.013048,2.2136455,3,T cells
12.947334,5.1468663,7,T cells
11.091712,4.9377627,1,T cells
9.118369,1.3994066,0,T cells
11.706239,5.483909,1,T cells
10.874266,5.8771734,1,T cells
-4.123222,1.8670716,3,T cells
7.097256,9.497122,2,T cells
-3.5228188,1.155235,3,T cells
7.6795707,7.040525,5,T cells
7.4132886,5.676512,5,T cells
10.239813,7.3500886,4,T cells
7.3345222,0.7829882,6,T cells
9.140411,1.3449723,0,T cells
6.7950277,0.73468435,6,T cells
-5.9135537,1.547186,3,T cells
11.260384,0.96070945,0,T cells
6.6170464,5.865948,5,T cells
-5.6793475,1.7768276,3,T cells
9.028675,2.4018412,0,T cells
11.142425,1.5434942,0,T cells
4.9139233,7.3773327,5,T cells
10.152933,7.199484,4,T cells
12.338432,5.0640817,1,T cells
4.5879135,6.1756134,5,T cells
10.80442,4.5700603,1,T cells
7.326302,0.6335498,6,T cells
9.639576,0.4655393,0,T cells
9.951462,0.6005161,0,T cells
11.104173,4.5962224,1,T cells
10.467847,3.5382707,0,T cells
8.984078,2.271819,0,T cells
4.97304,5.9767556,5,T cells
7.2844424,9.92464,2,T cells
7.2909665,0.039750863,6,T cells
9.175156,5.254997,4,T cells
11.10479,7.5742793,1,T cells
12.389122,5.699419,1,T cells
10.010767,1.5881382,0,T cells
-4.515597,2.4122655,3,T cells
9.739508,5.766384,4,T cells
10.599075,0.78827363,0,T cells
10.405714,3.1164691,0,T cells
7.397726,0.7831134,6,T cells
-5.407315,2.3268907,3,T cells
11.88884,6.104868,1,T cells
12.43763,7.4446926,1,T cells
8.405224,7.7760935,2,T cells
10.547383,6.4279447,4,T cells
8.690381,9.616905,2,T cells
11.69295,7.568345,1,T cells
6.834446,7.968303,5,T cells
10.130984,6.902786,4,T cells
-5.6493955,1.6574336,3,T cells
9.938544,6.546727,4,T cells
10.75841,4.921919,1,T cells
11.059404,1.9613348,0,T cells
11.684225,2.3038301,0,T cells
5.7758584,6.5571322,5,T cells
7.9574857,9.240228,2,T cells
7.837758,1.2591512,6,T cells
-6.315893,1.7326806,3,T cells
9.570425,2.1666384,0,T cells
9.661486,0.08001133,0,T cells
10.283896,4.162579,1,T cells
5.3900657,6.2035923,5,T cells
8.567181,3.441612,6,T cells
8.112489,9.568068,2,T cells
11.231591,7.2828317,1,T cells
8.881088,0.94492644,0,T cells
11.86582,4.504976,1,T cells
9.807612,5.746322,4,T cells
6.745992,8.222428,5,T cells
11.231208,4.6668115,1,T cells
13.470006,6.018898,7,T cells
5.3630657,6.213913,5,T cells
-5.3294735,2.7207625,3,T cells
12.382582,6.9460793,1,T cells
8.388522,10.274711,2,T cells
-3.632452,2.1264951,3,T cells
6.1041784,6.3863378,5,T cells
10.807954,1.0148643,0,T cells
11.078013,4.2405043,1,T cells
10.225172,5.980767,4,T cells
7.1539097,9.395358,2,T cells
9.094463,2.5842378,0,T cells
10.825654,2.788428,0,T cells
10.276605,1.6478331,0,T cells
-6.123061,3.2598991,3,T cells
-6.2438197,2.5291958,3,T cells
7.1786547,0.6508946,6,T cells
8.68288,9.415217,2,T cells
10.010954,0.78052545,0,T cells
9.974968,2.371362,0,T cells
7.1860323,0.712787,6,T cells
9.595762,4.0271583,4,T cells
11.317396,0.7795195,0,T cells
10.806514,0.42916766,0,T cells
8.117234,2.1352315,6,T cells
11.0703535,2.350104,0,T cells
8.660779,7.737316,2,T cells
10.586374,0.81674147,0,T cells
11.277433,2.5757422,0,T cells
11.86367,1.6120902,0,T cells
-3.9273016,1.1461604,3,T cells
11.027675,0.36087242,0,T cells
10.597603,0.37034404,0,T cells
6.860805,9.223411,2,T cells
7.2090974,8.3157215,2,T cells
7.146349,10.2367115,2,T cells
6.6796393,9.527064,2,T cells
8.869358,1.5914475,0,T cells
10.508947,4.1138887,1,T cells
9.977549,6.1469555,4,T cells
8.631683,9.583246,2,T cells
10.735346,1.1756595,0,T cells
12.01958,5.25121,1,T cells
11.730891,5.317502,1,T cells
6.79456,1.5233301,6,T cells
7.2926655,1.6137552,6,T cells
-3.8467002,1.8663266,3,T cells
8.7635565,1.7806786,0,T cells
10.460215,7.496951,4,T cells
5.771493,5.5863047,5,T cells
7.1374803,10.24899,2,T cells
7.876441,8.41533,2,T cells
8.340293,4.8457246,4,T cells
9.476565,6.0473833,4,T cells
12.156247,2.4686975,0,T cells
12.435867,4.6563516,1,T cells
9.663028,5.7733493,4,T cells
-4.400112,1.7304392,3,T cells
-5.6921954,2.6193175,3,T cells
-5.7306485,2.1921494,3,T cells
7.725585,9.152752,2,T cells
4.8633814,5.903421,5,T cells
-3.111665,1.5969844,3,T cells
8.770656,5.72401,4,T cells
6.3410726,6.007033,5,T cells
11.620085,6.582322,1,T cells
6.7486944,9.025034,2,T cells
10.287367,1.6370909,0,T cells
5.939744,6.852469,5,T cells
11.753121,7.2426543,1,T cells
7.921646,9.879673,2,T cells
-5.522254,3.0137646,3,T cells
-4.1096945,3.0317621,3,T cells
10.603946,1.8023965,0,T cells
-3.8664556,1.6520076,3,T cells
9.361526,6.2025523,4,T cells
14.21366,5.880597,7,T cells
10.169988,3.745391,1,T cells
8.371135,4.44568,4,T cells
11.404607,4.706879,1,T cells
-5.7986674,1.554579,3,T cells
7.885949,9.348264,2,T cells
7.614691,10.279684,2,T cells
9.831607,7.021587,4,T cells
7.2585855,9.600242,2,T cells
12.048895,5.7077436,1,T cells
-5.7984953,2.2402062,3,T cells
4.950739,6.019104,5,T cells
10.635344,2.9352942,0,T cells
7.928228,1.1847199,6,T cells
10.974936,0.7159584,0,T cells
10.236754,0.075747535,0,T cells
7.5148263,1.4479774,6,T cells
-6.1990743,2.7201018,3,T cells
8.667224,6.0768986,4,T cells
11.900342,4.8916426,1,T cells
9.087104,1.2666724,0,T cells
11.358717,1.5187242,0,T cells
11.174168,0.79242027,0,T cells
6.716175,9.542913,2,T cells
6.98225,9.759726,2,T cells
10.9015255,2.327933,0,T cells
12.272729,6.6001353,1,T cells
7.3744545,0.9411849,6,T cells
7.4285293,7.472002,5,T cells
5.519601,5.9686275,5,T cells
12.1877,7.240556,1,T cells
8.733645,1.5463153,0,T cells
7.423254,0.44521534,6,T cells
9.514628,7.0155296,4,T cells
8.485821,8.992529,2,T cells
12.103527,2.9459798,0,T cells
8.324822,5.005849,4,T cells
6.7121086,8.83243,2,T cells
14.022551,5.8707156,7,T cells
12.916286,7.153326,1,T cells
8.984878,0.44265044,0,T cells
8.411761,9.0071,2,T cells
6.9825673,6.571036,4,T cells
-6.1423297,2.9990306,3,T cells
9.512299,1.9372972,0,T cells
10.145479,5.5583735,4,T cells
8.569296,9.144383,2,T cells
8.012565,10.502695,2,T cells
12.385562,4.5978465,1,T cells
7.3469505,9.554765,2,T cells
10.87147,3.010922,0,T cells
-4.831261,2.4417024,3,T cells
12.914396,5.637246,1,T cells
13.643733,5.2226677,7,T cells
10.631433,4.007171,1,T cells
10.488823,7.1869497,4,T cells
14.223642,5.629596,7,T cells
12.781017,4.554825,1,T cells
6.7574635,0.7927603,6,T cells
7.7532825,10.085296,2,T cells
11.234802,1.8178135,0,T cells
11.941613,6.5074115,1,T cells
7.8636456,8.815654,2,T cells
12.021424,6.299507,1,T cells
11.368773,7.0156775,1,T cells
10.724293,0.16972175,0,T cells
9.653937,6.5758786,4,T cells
9.469235,4.78159,4,T cells
10.432978,6.8265543,1,T cells
-4.425118,1.4038473,3,T cells
7.181456,8.550213,2,T cells
8.166879,5.893844,4,T cells
-4.0189567,2.8624864,3,T cells
6.038473,5.5567427,5,T cells
12.364603,3.7348182,1,T cells
11.960907,4.493427,1,T cells
10.86761,4.1578817,1,T cells
10.708109,0.01091747,0,T cells
5.052443,5.919409,5,T cells
5.2740474,7.591754,5,T cells
6.854577,1.3161521,6,T cells
8.087852,9.486092,2,T cells
7.165498,1.5860865,6,T cells
10.945467,1.9118912,0,T cells
11.87698,5.81413,1,T cells
-6.054002,1.9210365,3,T cells
7.5976224,5.2554264,4,T cells
12.651023,4.0379915,1,T cells
-5.4667077,2.6312957,3,T cells
8.454818,8.092881,2,T cells
9.112281,2.2692666,0,T cells
9.674252,7.362441,4,T cells
10.018584,5.268111,4,T cells
12.056488,4.962652,1,T cells
10.85595,6.755516,1,T cells
-6.4646034,2.0170143,3,T cells
4.4971004,6.2318687,5,T cells
5.1430674,6.5265765,5,T cells
-5.10462,2.7408774,3,T cells
11.200839,2.3265827,0,T cells
10.942831,4.834535,1,T cells
6.4104223,8.417071,5,T cells
9.445411,2.6930537,0,T cells
7.1000404,1.150914,6,T cells
9.011499,8.167295,2,T cells
11.236092,1.200429,0,T cells
10.488874,2.3549001,0,T cells
-6.3296523,2.1578646,3,T cells
10.427806,0.547842,0,T cells
8.051362,5.2189317,4,T cells
9.845558,0.8207909,0,T cells
8.863573,5.4096146,4,T cells
8.329705,6.1972604,4,T cells
6.9195514,9.349596,2,T cells
9.387008,0.73246443,0,T cells
10.295552,0.73227805,0,T cells
10.730828,3.3840652,1,T cells
9.388894,4.4838686,4,T cells
10.087951,1.053613,0,T cells
7.565853,-0.04225767,6,T cells
8.052587,5.7686014,4,T cells
7.993182,1.4403827,6,T cells
7.009853,0.9147564,6,T cells
-3.9503288,1.953296,3,T cells
7.167719,7.9526677,2,T cells
11.168745,0.35080555,0,T cells
11.702918,3.7332025,1,T cells
-4.959016,2.6866887,3,T cells
9.534015,1.8995417,0,T cells
10.488496,5.2145076,1,T cells
10.5095625,0.4529304,0,T cells
4.7954345,6.6179605,5,T cells
-5.661054,2.2222388,3,T cells
11.28121,5.4145484,1,T cells
9.542179,0.85469186,0,T cells
7.0248594,0.3565874,6,T cells
12.524681,5.527447,1,T cells
12.726436,4.780941,1,T cells
7.5151925,9.560964,2,T cells
11.509674,3.4428542,1,T cells
10.84268,1.2227808,0,T cells
-5.9978037,2.399969,3,T cells
8.402287,4.2474647,4,T cells
11.065025,0.9897704,0,T cells
7.500489,1.0848895,6,T cells
7.398879,6.8066792,5,T cells
9.6003,-0.23284504,0,T cells
10.012434,4.237666,1,T cells
5.793436,7.304541,5,T cells
6.5239353,5.932302,5,T cells
10.566456,6.033171,1,T cells
9.34824,7.3217654,4,T cells
11.769389,4.3617353,1,T cells
-6.279846,1.613758,3,T cells
-3.9315817,2.3909516,3,T cells
11.332031,2.2276495,0,T cells
12.100059,7.432897,1,T cells
10.088122,1.6986442,0,T cells
9.913926,5.567919,4,T cells
12.049525,4.0780416,1,T cells
7.374021,9.544474,2,T cells
5.725271,5.7188745,5,T cells
7.7124863,1.2768985,6,T cells
9.37749,3.1452653,0,T cells
5.786458,7.7750964,5,T cells
7.322915,0.22747172,6,T cells
8.835652,5.018352,4,T cells
-4.506532,2.0703318,3,T cells
11.492337,0.71020645,0,T cells
8.017816,6.1179976,4,T cells
9.903295,2.932317,0,T cells
11.745171,3.0781345,1,T cells
11.585725,6.9197397,1,T cells
9.234276,1.9670861,0,T cells
8.392399,9.76016,2,T cells
10.215959,2.9341943,0,T cells
8.021773,0.97555023,6,T cells
6.9057775,1.3035241,6,T cells
9.937634,7.421554,4,T cells
10.084098,2.008847,0,T cells
11.342837,0.38894185,0,T cells
9.188059,1.6422963,0,T cells
6.884482,1.1129719,6,T cells
11.191276,3.1353097,1,T cells
10.013376,0.68140674,0,T cells
8.2732315,10.338683,2,T cells
7.1970377,1.3329171,6,T cells
9.937388,2.1538367,0,T cells
10.380771,6.4080944,4,T cells
11.766579,6.2462964,1,T cells
10.520021,2.5682092,0,T cells
-4.795713,1.541338,3,T cells
10.289767,4.3176174,1,T cells
9.723806,0.271756,0,T cells
12.306991,3.4566731,1,T cells
6.543818,9.490227,2,T cells
9.031061,5.047948,4,T cells
9.236991,0.023116665,0,T cells
-6.2255735,2.6763651,3,T cells
7.4694138,1.4476086,6,T cells
9.701518,0.5006069,0,T cells
9.889833,2.7048607,0,T cells
10.141116,2.1283183,0,T cells
11.46785,0.5767333,0,T cells
7.4179296,9.638475,2,T cells
-5.8084717,2.4402354,3,T cells
6.711748,8.274519,2,T cells
11.588605,3.1157427,1,T cells
-3.0950754,1.4783062,3,T cells
13.086219,4.271444,1,T cells
7.8223157,9.961202,2,T cells
12.033927,1.2499098,0,T cells
9.540442,2.2829025,0,T cells
7.683604,9.868346,2,T cells
11.568782,5.311347,1,T cells
4.690054,6.315493,5,T cells
11.148407,4.6394486,1,T cells
11.430857,6.1656675,1,T cells
-4.9336185,3.051151,3,T cells
8.291034,9.359823,2,T cells
6.3844147,7.874709,5,T cells
7.120958,0.7365518,6,T cells
9.684963,7.083047,4,T cells
11.103644,7.5292134,1,T cells
-4.8651347,2.7278843,3,T cells
9.611847,6.4475555,4,T cells
11.101799,1.1976658,0,T cells
-5.645015,2.1385808,3,T cells
-5.7741103,2.0457015,3,T cells
11.359138,5.361128,1,T cells
11.140867,5.1931033,1,T cells
-4.6724687,1.6562479,3,T cells
7.619883,3.7513576,6,T cells
9.662693,1.7773949,0,T cells
-5.8113623,3.3238037,3,T cells
-4.183064,1.7322464,3,T cells
9.52049,5.6136904,4,T cells
8.233524,1.7143223,6,T cells
9.187999,1.5894128,0,T cells
11.855789,2.5049753,1,T cells
9.781752,0.3287593,0,T cells
11.729677,3.7710824,1,T cells
12.241156,4.3170443,1,T cells
7.8949876,1.003041,6,T cells
6.8072047,9.851664,2,T cells
10.289646,1.5057288,0,T cells
9.794428,1.636453,0,T cells
10.245053,1.5095582,0,T cells
12.146388,6.253941,1,T cells
7.192748,10.25102,2,T cells
8.273132,9.717483,2,T cells
10.123893,6.688915,4,T cells
8.410088,9.64999,2,T cells
-4.2059774,1.5329638,3,T cells
10.989015,4.455248,1,T cells
6.4194145,7.8551273,5,T cells
9.6895685,5.6528797,4,T cells
-4.6739144,2.7885375,3,T cells
-5.08879,1.3886576,3,T cells
10.587741,4.385075,1,T cells
9.064332,5.3897905,4,T cells
6.7894506,7.9287424,5,T cells
7.96418,5.3626385,4,T cells
-5.8227506,2.3462002,3,T cells
10.946861,1.0580717,0,T cells
-4.319884,2.2273068,3,T cells
7.554584,0.05546097,6,T cells
6.8247356,8.762588,2,T cells
-4.2415338,1.3186688,3,T cells
7.5191255,1.5881168,6,T cells
13.772729,5.484677,7,T cells
10.973632,0.12515728,0,T cells
11.862604,2.6067085,1,T cells
11.133035,1.7700384,0,T cells
8.160635,10.2319355,2,T cells
7.034931,10.099864,2,T cells
11.724606,6.1615596,1,T cells
10.556303,1.3158265,0,T cells
12.902411,4.3148623,1,T cells
6.1292915,7.810924,5,T cells
11.394931,0.24693277,0,T cells
11.616399,6.4872866,1,T cells
13.670434,6.1061172,7,T cells
12.351286,6.331034,1,T cells
6.946831,6.079756,5,T cells
14.159842,5.696686,7,T cells
4.472476,6.022421,5,T cells
-5.9786787,3.2297544,3,T cells
10.326558,2.201839,0,T cells
6.702904,8.226917,5,T cells
7.622631,9.572241,2,T cells
9.042574,6.630385,4,T cells
12.456792,6.3111315,1,T cells
8.603759,8.897489,2,T cells
10.299507,0.9544208,0,T cells
9.794431,2.7104793,0,T cells
8.917725,6.7506104,4,T cells
6.14542,6.1127586,5,T cells
13.897671,6.1240015,7,T cells
7.450186,6.1898446,4,T cells
13.258258,5.6230536,7,T cells
8.973033,1.8707713,0,T cells
11.7951,5.0732946,1,T cells
-5.212467,3.0468655,3,T cells
-6.294392,2.9735265,3,T cells
12.065299,2.2534657,0,T cells
7.3434615,9.254829,2,T cells
6.0965495,7.8977666,5,T cells
10.413497,-0.17113177,0,T cells
4.973747,6.729644,5,T cells
12.97523,4.989119,7,T cells
-4.1407924,2.5480173,3,T cells
9.578803,1.3541998,0,T cells
11.731581,1.4436513,0,T cells
8.363698,9.977443,2,T cells
12.794893,3.6851037,1,T cells
10.81527,5.911812,1,T cells
11.028509,1.9471265,0,T cells
7.508779,1.2727481,6,T cells
8.486174,9.601606,2,T cells
13.420437,5.1986265,7,T cells
8.736031,5.321054,4,T cells
4.867206,5.975699,5,T cells
12.247699,3.7449155,1,T cells
8.131032,-0.047960244,6,T cells
11.755895,2.3991556,0,T cells
7.694004,0.052979052,6,T cells
12.856915,4.0220704,1,T cells
10.76203,1.940701,0,T cells
9.643503,1.9043583,0,T cells
11.0097685,1.5033354,0,T cells
-4.1330523,1.40676,3,T cells
11.953325,4.860301,1,T cells
11.683332,0.38536653,0,T cells
11.656762,3.9712331,1,T cells
13.880248,5.621778,7,T cells
10.055823,7.2580166,4,T cells
12.754793,7.4810867,1,T cells
10.636194,5.0325108,1,T cells
-5.48005,2.8157952,3,T cells
11.015613,2.8849738,0,T cells
5.2684793,6.57903,5,T cells
8.687738,0.79181296,0,T cells
-4.18984,2.047561,3,T cells
-6.394627,2.5520768,3,T cells
5.1345177,6.7036915,5,T cells
7.74403,4.8484435,4,T cells
12.2056,5.3865805,1,T cells
7.4168205,9.289296,2,T cells
7.0633883,0.45107365,6,T cells
10.73274,7.2675924,4,T cells
9.164556,1.2550658,0,T cells
7.295188,10.029335,2,T cells
10.473481,5.9977217,4,T cells
11.651651,3.607457,1,T cells
8.204876,8.790555,2,T cells
11.411757,3.160832,1,T cells
10.000187,0.54265964,0,T cells
10.076608,0.21238124,0,T cells
-5.461671,1.4893643,3,T cells
11.914632,6.522216,1,T cells
8.163604,9.328361,2,T cells
9.707322,2.182989,0,T cells
7.668679,10.302022,2,T cells
7.2878,9.1039095,2,T cells
12.288136,5.925557,1,T cells
-4.517315,3.0099418,3,T cells
10.49736,4.207825,1,T cells
9.830355,5.362723,4,T cells
7.9522524,9.552704,2,T cells
5.7500215,8.126517,5,T cells
-5.6285906,1.9524552,3,T cells
9.280181,1.5163652,0,T cells
10.195167,3.2989538,0,T cells
-5.7294636,1.794411,3,T cells
11.77186,1.0896422,0,T cells
10.140073,1.7078851,0,T cells
-6.0078974,1.9142219,3,T cells
-3.3170674,1.8396585,3,T cells
7.005468,8.669207,2,T cells
8.412395,9.979315,2,T cells
10.814976,6.9614954,4,T cells
-6.1260977,1.5558007,3,T cells
10.556577,0.766827,0,T cells
8.102087,1.6304196,6,T cells
-6.5332036,1.7142878,3,T cells
11.102281,1.8791734,0,T cells
10.621078,6.991878,4,T cells
-3.6688395,1.6470435,3,T cells
13.649775,6.2573705,7,T cells
6.922492,0.6782537,6,T cells
8.649868,9.581401,2,T cells
8.118425,0.7492867,6,T cells
6.9210677,9.488786,2,T cells
9.073724,1.0405073,0,T cells
6.821498,9.73011,2,T cells
12.577741,6.1925397,1,T cells
12.113101,5.886765,1,T cells
7.0414476,1.0657253,6,T cells
11.601654,1.3421189,0,T cells
-4.2353716,2.6991842,3,T cells
6.2728577,8.541035,5,T cells
13.9679575,5.5538774,7,T cells
10.454658,1.6019019,0,T cells
7.412486,0.20369732,6,T cells
11.3141165,5.5717278,1,T cells
11.685714,5.4882374,1,T cells
10.819308,4.242388,1,T cells
11.367802,3.2284334,1,T cells
-4.7087884,2.1369407,3,T cells
11.715971,6.647798,1,T cells
6.7612953,9.328233,2,T cells
-5.375121,2.9380562,3,T cells
11.664445,4.5755267,1,T cells
10.401769,3.6067343,1,T cells
-3.9448535,1.27244,3,T cells
7.94113,9.514042,2,T cells
9.364824,2.7765605,0,T cells
6.652354,6.934832,5,T cells
-5.471174,3.022194,3,T cells
12.654428,6.7684016,1,T cells
13.643284,6.06731,7,T cells
10.946127,3.4922357,1,T cells
11.299914,3.626732,1,T cells
11.0497,4.13615,1,T cells
-3.59136,1.1963258,3,T cells
11.4216795,6.554908,1,T cells
11.592693,3.0349169,1,T cells
-3.3035371,1.3598119,3,T cells
10.262357,6.3619537,4,T cells
10.937769,6.8867974,1,T cells
9.589238,6.660675,4,T cells
5.5091767,5.856538,5,T cells
9.191658,0.17382966,0,T cells
7.0152097,9.529414,2,T cells
11.131266,4.2346315,1,T cells
9.582031,2.6011624,0,T cells
11.419984,4.9714665,1,T cells
6.931602,8.223884,2,T cells
10.692605,1.6125652,0,T cells
12.346711,3.7629802,1,T cells
8.215312,8.5781,2,T cells
7.49011,6.322354,5,T cells
10.690063,5.273519,1,T cells
5.3270955,8.06335,5,T cells
10.180481,7.66589,4,T cells
7.0646467,1.6163611,6,T cells
5.9212866,7.299592,5,T cells
5.3003426,6.0766006,5,T cells
8.232876,8.155606,2,T cells
10.919137,5.8601413,1,T cells
14.097591,5.710122,7,T cells
10.913092,2.4146662,0,T cells
7.4608016,9.315001,2,T cells
10.021597,-0.21837583,0,T cells
11.780224,7.138827,1,T cells
4.7169614,6.437567,5,T cells
10.102756,5.60379,4,T cells
7.0622525,9.064072,2,T cells
8.024724,9.913751,2,T cells
7.3021064,1.2265439,6,T cells
10.258325,3.839305,1,T cells
9.682946,0.08163755,0,T cells
12.087274,2.1658127,0,T cells
11.798045,1.4092653,0,T cells
11.428949,7.5156307,1,T cells
7.830854,8.108329,2,T cells
7.7454123,1.044914,6,T cells
12.607655,7.2655516,1,T cells
10.8813925,4.1424065,1,T cells
6.042341,5.834276,5,T cells
-5.1807723,3.2483273,3,T cells
7.361225,7.395944,2,T cells
9.768112,0.3093914,0,T cells
-5.7521925,3.021314,3,T cells
9.678599,1.3121936,0,T cells
9.549628,1.6281785,0,T cells
-5.150975,2.560201,3,T cells
10.323775,1.9793072,0,T cells
10.626052,6.9323626,4,T cells
9.816709,7.0837646,4,T cells
9.875116,1.020413,0,T cells
6.9048114,6.296018,5,T cells
9.672887,4.472605,4,T cells
12.467812,6.5801353,1,T cells
4.655751,6.3799815,5,T cells
11.439169,0.945557,0,T cells
13.063002,6.2301536,1,T cells
12.082005,5.6915026,1,T cells
11.608897,7.293178,1,T cells
7.5027223,8.934445,2,T cells
-5.62191,2.5369775,3,T cells
10.139524,1.2070016,0,T cells
10.903715,2.0854826,0,T cells
9.433553,6.177234,4,T cells
-4.86052,2.8140256,3,T cells
9.973316,4.916422,4,T cells
6.114361,6.8537316,5,T cells
10.63858,6.4738445,1,T cells
-6.2301364,1.9692402,3,T cells
11.332024,5.0451903,1,T cells
7.8826995,9.971537,2,T cells
11.69528,3.3799434,7,T cells
8.83226,7.7134347,2,T cells
5.1651797,5.73163,5,T cells
4.692124,6.0973697,5,T cells
7.5978103,0.76206595,6,T cells
10.474152,5.9749684,4,T cells
11.012479,4.435202,1,T cells
7.7884774,10.254582,2,T cells
7.436157,1.4089,6,T cells
10.392295,0.56256515,0,T cells
10.899829,5.6172857,1,T cells
-6.211672,2.1647573,3,T cells
7.4838657,0.3929197,6,T cells
-4.7241764,2.4746644,3,T cells
10.510153,0.101985484,0,T cells
7.697775,9.321056,2,T cells
9.655422,0.99354243,0,T cells
6.4240437,7.5127654,5,T cells
10.128294,2.4272203,0,T cells
10.463435,4.4419227,1,T cells
13.292014,5.7623525,7,T cells
8.270023,8.05443,2,T cells
10.680738,1.3843794,0,T cells
13.712424,6.1478667,7,T cells
11.352402,1.786545,0,T cells
10.164301,5.53604,4,T cells
-5.984353,2.7320254,3,T cells
11.401999,1.7456095,0,T cells
10.039937,0.45836708,0,T cells
11.690775,3.8324351,1,T cells
7.31439,1.8622808,6,T cells
7.6252513,10.414486,2,T cells
8.382317,5.2771344,4,T cells
11.349865,2.573792,0,T cells
5.900671,5.909441,5,T cells
-5.0800247,2.865568,3,T cells
11.395726,0.8486427,0,T cells
11.877716,7.66623,1,T cells
5.795934,7.6619763,5,T cells
10.015519,2.5953615,0,T cells
12.983263,4.1277075,1,T cells
7.614252,10.007217,2,T cells
9.451012,4.5988765,4,T cells
7.6511436,1.8448666,6,T cells
-6.5236135,2.6057048,3,T cells
11.453137,6.6478443,1,T cells
-5.243221,2.471268,3,T cells
-3.5794451,1.8730226,3,T cells
11.18136,2.939764,1,T cells
9.525276,2.251173,0,T cells
5.4618964,6.3372917,5,T cells
6.3992248,9.097206,2,T cells
11.778499,2.5536094,0,T cells
12.284224,5.40823,1,T cells
10.986764,-0.2480323,0,T cells
7.6328387,7.1883655,2,T cells
-5.9226665,2.7247052,3,T cells
10.030405,4.4862804,4,T cells
11.697116,6.1712136,1,T cells
-5.899329,2.9340248,3,T cells
6.012889,5.659469,5,T cells
10.018133,1.6337492,0,T cells
12.294757,4.034477,1,T cells
9.098621,1.0277148,0,T cells
-6.3868227,1.8130083,3,T cells
11.383011,6.479824,1,T cells
-5.4070096,3.1931012,3,T cells
9.8055725,4.460227,4,T cells
9.898543,5.916387,4,T cells
11.326986,0.262759,0,T cells
12.846896,7.342477,1,T cells
11.638709,1.9828246,0,T cells
11.544507,4.1485863,1,T cells
12.452682,4.896672,1,T cells
12.166285,7.0377145,1,T cells
8.009497,8.463065,2,T cells
11.77504,7.529334,1,T cells
-4.6945753,1.4666568,3,T cells
11.280576,0.558668,0,T cells
12.758424,7.2142544,1,T cells
10.673457,4.531276,1,T cells
7.134453,10.223494,2,T cells
12.566835,5.806511,1,T cells
12.014426,3.1260197,1,T cells
11.535034,6.0445,1,T cells
6.781088,6.530062,5,T cells
11.554195,1.1934183,0,T cells
10.7916355,2.6430345,0,T cells
10.66999,5.154942,1,T cells
7.6819153,9.51294,2,T cells
7.557173,9.5180855,2,T cells
10.945806,3.7383404,1,T cells
12.505852,4.1391783,1,T cells
10.8007765,7.2673163,4,T cells
8.777676,10.024015,2,T cells
8.151641,9.554431,2,T cells
-4.4949756,1.8980024,3,T cells
7.2145553,10.064124,2,T cells
11.106028,3.5493307,1,T cells
7.439708,8.992241,2,T cells
10.807299,0.5473053,0,T cells
7.588821,0.8695843,6,T cells
11.675558,1.0369548,0,T cells
11.451354,4.8147593,1,T cells
11.440209,4.5474167,1,T cells
-5.5277476,1.9715941,3,T cells
10.878132,4.9193068,1,T cells
12.175882,3.805469,1,T cells
10.259058,3.8022892,1,T cells
9.901049,7.0863347,4,T cells
-5.3089967,2.2221317,3,T cells
9.396186,4.0049534,4,T cells
9.669548,3.1002553,0,T cells
7.847822,10.001925,2,T cells
-5.888048,2.8545172,3,T cells
10.103769,6.196535,4,T cells
11.517669,1.1753749,0,T cells
10.358316,0.39647248,0,T cells
7.645307,6.6179423,5,T cells
10.571845,3.2822406,1,T cells
10.443634,1.5020303,0,T cells
7.147692,8.713246,2,T cells
12.351963,6.9901876,1,T cells
13.502743,5.561255,7,T cells
11.4245615,6.2452207,1,T cells
9.101287,0.29584166,0,T cells
8.777534,1.0115664,0,T cells
4.8678517,6.3236623,5,T cells
11.225018,0.5350949,0,T cells
11.366362,3.2515113,0,T cells
10.640786,4.291694,1,T cells
11.632659,2.7012527,0,T cells
-3.4861777,1.6933327,3,T cells
8.200353,9.653074,2,T cells
-5.0870986,1.7902397,3,T cells
6.4123096,6.6515484,5,T cells
9.9571495,1.2105529,0,T cells
11.118774,3.2203572,1,T cells
10.1594305,4.8061566,1,T cells
11.929574,5.8577266,1,T cells
5.508692,7.7741776,5,T cells
12.601823,6.5288453,1,T cells
5.6957965,8.260842,5,T cells
12.69407,7.015247,1,T cells
7.6050453,0.44791546,6,T cells
5.8116665,6.0129633,5,T cells
11.428049,4.19316,1,T cells
10.93991,6.2495003,1,T cells
8.551892,5.1557074,4,T cells
11.677777,2.293732,0,T cells
12.210048,4.086792,1,T cells
7.3345885,9.751072,2,T cells
12.231129,4.6944876,1,T cells
12.254154,4.555336,1,T cells
-5.0080624,2.1924212,3,T cells
5.8943863,7.7276583,5,T cells
10.05491,5.294741,4,T cells
-6.4717875,2.411143,3,T cells
11.859183,2.0641778,0,T cells
12.386714,5.8929687,1,T cells
10.56205,3.4086874,1,T cells
8.576832,5.151037,4,T cells
7.998163,10.258355,2,T cells
11.984392,3.2278645,1,T cells
10.697604,1.5617564,0,T cells
7.2358103,9.125985,2,T cells
12.500388,7.137457,1,T cells
9.9396925,0.1241122,0,T cells
11.175442,6.8283834,1,T cells
-3.9149191,2.9054759,3,T cells
11.524321,7.1426373,1,T cells
7.670498,10.033539,2,T cells
11.478643,3.4660838,1,T cells
10.19355,1.886107,0,T cells
7.2490554,1.0110983,6,T cells
10.459765,3.3778162,0,T cells
9.813033,0.23231332,0,T cells
8.6219635,8.99211,2,T cells
9.2742405,1.3575212,0,T cells
-4.8257375,1.8445454,3,T cells
7.6788054,8.160359,2,T cells
11.229156,4.497087,1,T cells
7.8833475,7.494872,2,T cells
6.874638,1.4546932,6,T cells
10.605354,6.634287,1,T cells
11.338699,5.39249,1,T cells
8.348814,8.935322,2,T cells
7.165273,0.81493366,6,T cells
11.907473,5.250929,1,T cells
5.6364627,7.0250916,5,T cells
11.481056,6.142177,1,T cells
11.595926,3.6385767,1,T cells
10.851755,2.3183658,0,T cells
13.985344,6.040934,7,T cells
11.794504,5.289524,1,T cells
9.036883,5.230277,4,T cells
10.671193,2.2976773,0,T cells
10.310635,5.906971,1,T cells
6.499955,9.702826,2,T cells
9.953885,3.5423248,1,T cells
10.239368,2.5425124,0,T cells
8.470112,6.0949793,4,T cells
7.158034,5.927903,5,T cells
10.568218,2.4492102,0,T cells
11.135374,6.5686946,1,T cells
5.1780806,6.3745317,5,T cells
8.719954,5.6503844,4,T cells
9.490332,2.766419,0,T cells
11.508978,4.53442,1,T cells
7.6467104,0.7594123,6,T cells
6.6909046,0.9691633,6,T cells
-5.0973086,2.5115595,3,T cells
7.778716,9.11424,2,T cells
10.297455,2.2111163,0,T cells
12.148416,1.1449372,0,T cells
9.324083,2.0092423,0,T cells
9.937053,3.211209,0,T cells
6.5393066,6.040833,5,T cells
11.490978,5.7832594,1,T cells
11.541318,0.38579148,0,T cells
-6.410726,2.3368483,3,T cells
7.0754538,0.15899932,6,T cells
-4.0633583,2.1210616,3,T cells
10.783296,0.53780866,0,T cells
-4.5479407,2.5521138,3,T cells
8.953958,1.5927987,0,T cells
10.693632,6.688907,1,T cells
8.202127,9.193726,2,T cells
11.758771,4.335154,1,T cells
-6.330852,2.5322235,3,T cells
10.600829,1.309025,0,T cells
-3.944589,1.4491081,3,T cells
10.800128,0.479325,0,T cells
6.4972324,6.5347133,5,T cells
10.8932085,1.3460892,0,T cells
7.88638,9.065681,2,T cells
-4.555955,2.2389607,3,T cells
12.598852,5.9823604,1,T cells
8.380596,9.337043,2,T cells
-4.994958,2.067849,3,T cells
7.913112,9.296447,2,T cells
11.519844,6.1911397,1,T cells
7.139076,9.285332,2,T cells
11.902846,0.75796163,0,T cells
8.935701,1.7932357,0,T cells
7.867539,0.78096867,6,T cells
8.215285,0.7523593,6,T cells
9.012922,0.8961029,0,T cells
10.749263,0.19122103,0,T cells
6.7133603,9.468675,2,T cells
8.356408,10.0192175,2,T cells
11.162656,0.06869577,0,T cells
-3.769453,1.5398835,3,T cells
7.9307847,0.36654732,6,T cells
9.238122,0.53218985,0,T cells
10.434816,4.574698,1,T cells
8.966238,0.22519918,0,T cells
8.526098,10.364576,2,T cells
12.616692,4.3758893,1,T cells
11.773687,5.4734073,1,T cells
11.237788,3.3647614,1,T cells
11.185561,3.997975,1,T cells
7.370854,1.2913753,6,T cells
11.354566,5.2290826,1,T cells
-5.5263634,1.9241494,3,T cells
7.4910517,8.687462,2,T cells
7.292336,9.759631,2,T cells
11.715349,5.7855887,1,T cells
10.178651,1.9804342,0,T cells
10.85375,1.5944176,0,T cells
7.502337,0.69893837,6,T cells
7.3362603,-0.06744677,6,T cells
11.294869,4.21866,1,T cells
9.030433,1.546341,0,T cells
11.715015,6.847673,1,T cells
11.356157,5.315144,1,T cells
5.7309155,7.688818,5,T cells
11.330684,0.9342509,0,T cells
5.306142,7.6604996,5,T cells
7.588362,10.629012,2,T cells
7.9475503,8.889898,2,T cells
6.5930905,1.1818712,6,T cells
7.8803496,9.761782,2,T cells
-6.3929744,2.4791172,3,T cells
8.725374,2.2872562,0,T cells
9.495248,1.2691704,0,T cells
9.761259,6.4401455,4,T cells
8.85672,2.036422,0,T cells
10.548076,6.2770724,1,T cells
8.46194,3.9250004,4,T cells
10.418065,5.5229974,4,T cells
12.197106,3.4719431,1,T cells
10.8074465,5.5555015,1,T cells
6.869805,0.8794519,6,T cells
5.8127184,6.711263,5,T cells
12.253798,5.2722116,1,T cells
4.5780845,6.297605,5,T cells
12.036599,4.3587966,1,T cells
9.386805,5.9934416,4,T cells
10.740123,5.0348763,1,T cells
10.032289,2.0259292,0,T cells
10.944637,5.6610456,1,T cells
6.4009943,10.132479,2,T cells
9.806581,6.3929586,4,T cells
10.511595,3.6811614,1,T cells
12.987301,6.3833456,1,T cells
9.273549,4.9043617,4,T cells
7.612778,1.4525168,6,T cells
7.8770494,4.996127,4,T cells
6.7940593,8.643708,2,T cells
9.657008,5.856329,4,T cells
12.268887,5.9074574,1,T cells
11.643791,1.195614,0,T cells
10.909984,1.0515246,0,T cells
5.2885585,7.973322,5,T cells
8.418784,8.713446,2,T cells
7.2585983,0.7027686,6,T cells
-3.6528368,1.3623648,3,T cells
7.6386304,6.089584,4,T cells
7.377672,8.606275,2,T cells
8.03448,8.595631,2,T cells
10.434562,3.9900308,1,T cells
-6.619865,2.2727404,3,T cells
10.012479,6.127435,4,T cells
11.031288,6.1246467,1,T cells
11.0149555,2.376048,0,T cells
9.517545,4.90718,4,T cells
9.605943,1.4614941,0,T cells
8.934142,1.0087622,0,T cells
10.245026,4.0816164,1,T cells
12.232378,1.7627451,0,T cells
11.613442,2.0603192,0,T cells
10.8502035,6.7647085,1,T cells
13.392201,5.7136793,7,T cells
7.4424806,8.615231,2,T cells
-6.3696933,2.4142635,3,T cells
8.103802,1.5335902,6,T cells
7.708794,0.96557176,6,T cells
11.958768,5.2656746,1,T cells
11.608646,4.8895545,1,T cells
12.915998,6.042134,7,T cells
8.903813,6.472326,4,T cells
11.606244,2.6524205,0,T cells
9.2350235,1.8972579,0,T cells
7.5052953,6.0735373,4,T cells
-6.276417,1.8340659,3,T cells
11.929109,6.8633046,1,T cells
9.798353,-0.11446303,0,T cells
9.846984,1.1320755,0,T cells
5.4933066,7.928102,5,T cells
7.8062077,1.1232029,6,T cells
5.815138,5.891973,5,T cells
12.032997,1.7849964,0,T cells
11.100838,7.2114186,1,T cells
-5.5312314,1.5074846,3,T cells
7.183044,5.9676366,5,T cells
13.258578,6.461313,1,T cells
10.330724,5.7468534,1,T cells
9.671972,7.806166,4,T cells
10.681778,0.617837,0,T cells
10.710928,6.2173424,1,T cells
7.5773144,8.125706,2,T cells
7.018593,0.37694538,6,T cells
9.598242,0.779412,0,T cells
12.118516,3.311991,1,T cells
-4.0105577,3.1490571,3,T cells
12.276584,1.7980721,0,T cells
6.860735,10.352638,2,T cells
11.351889,0.047001895,0,T cells
-4.5591574,2.2695038,3,T cells
8.784346,9.800105,2,T cells
6.9258304,0.8889891,6,T cells
10.268208,-0.011565632,0,T cells
6.803299,1.185961,6,T cells
11.338624,6.181672,1,T cells
-6.2654533,2.192397,3,T cells
10.340119,2.8688166,0,T cells
9.870654,2.1105857,0,T cells
7.4206357,0.8585628,6,T cells
-4.280739,2.3797874,3,T cells
5.4533257,6.0990787,5,T cells
10.261288,2.9742265,0,T cells
12.04776,1.7063385,0,T cells
11.327293,5.002316,1,T cells
7.522336,0.9392536,6,T cells
12.036906,6.3573956,1,T cells
9.866119,6.8542314,4,T cells
4.992061,7.7709537,5,T cells
10.553331,0.8419706,0,T cells
11.010662,5.1805162,1,T cells
12.17616,3.270034,1,T cells
11.332698,4.7138367,1,T cells
11.24732,5.0924644,1,T cells
-5.214218,2.3850873,3,T cells
7.4977536,9.822288,2,T cells
10.0504,0.6739773,0,T cells
11.429575,1.4236023,0,T cells
10.043093,0.5656171,0,T cells
9.840239,3.2455387,0,T cells
7.4078445,8.991582,2,T cells
11.38503,3.4514818,1,T cells
7.916438,5.360533,4,T cells
10.896488,1.3362671,0,T cells
-4.357664,1.67921,3,T cells
-4.373937,2.0984325,3,T cells
11.3778515,4.5337653,1,T cells
9.34731,6.956575,4,T cells
9.548204,1.6563792,0,T cells
8.738993,5.6186023,4,T cells
7.7084155,8.537467,2,T cells
10.158312,1.2727958,0,T cells
10.498825,6.6796484,1,T cells
9.337683,1.6152828,0,T cells
6.670649,8.997074,2,T cells
10.375625,0.7192604,0,T cells
-3.6832848,1.3045918,3,T cells
11.022361,6.120545,1,T cells
12.010641,6.0414786,1,T cells
7.7620463,9.662713,2,T cells
7.1432786,6.3837543,4,T cells
7.321208,10.237777,2,T cells
13.148667,5.113872,7,T cells
5.961828,8.135415,5,T cells
6.7730002,6.202258,5,T cells
13.811051,5.0470953,7,T cells
11.110912,1.7073337,0,T cells
11.96777,1.2892647,0,T cells
8.003342,8.757835,2,T cells
10.147964,4.175602,1,T cells
9.012167,1.6618136,0,T cells
10.65038,7.176311,1,T cells
11.194631,6.7786126,1,T cells
12.157136,6.807277,1,T cells
5.711565,7.9156437,5,T cells
9.059348,6.034882,4,T cells
12.120535,7.0142245,1,T cells
11.458891,3.4190102,1,T cells
-3.5354638,2.2280724,3,T cells
5.757479,5.774437,5,T cells
6.5268083,9.664582,2,T cells
7.8276315,9.558209,2,T cells
9.43465,6.153469,4,T cells
10.396201,1.2059212,0,T cells
10.91923,1.7621617,0,T cells
11.275815,6.048072,1,T cells
6.0221667,8.18935,5,T cells
9.949059,1.9635115,0,T cells
7.3197155,1.2431792,6,T cells
11.660723,1.692251,0,T cells
11.729765,3.239312,0,T cells
7.2417555,9.808542,2,T cells
7.556199,0.8119367,6,T cells
9.692254,7.098573,4,T cells
6.8720326,8.966917,2,T cells
9.846481,6.8073697,4,T cells
6.5280533,9.870631,2,T cells
12.393632,7.2745075,1,T cells
8.761301,7.997109,2,T cells
-5.0936856,2.320714,3,T cells
8.336004,10.111513,2,T cells
10.5515175,7.5144925,4,T cells
11.948762,6.8336024,1,T cells
-6.6853776,2.4960184,3,T cells
7.2022943,10.090167,2,T cells
10.991174,6.7533345,1,T cells
8.381617,9.497644,2,T cells
5.4016814,6.6642547,5,T cells
8.086811,5.1124487,4,T cells
9.218027,2.0820832,0,T cells
11.072608,5.1997056,1,T cells
8.777936,0.3479117,0,T cells
-4.493611,2.5798018,3,T cells
11.081464,5.5830207,1,T cells
9.085684,1.1397513,0,T cells
10.422307,3.3763134,1,T cells
10.234026,4.5083437,1,T cells
8.540332,9.372457,2,T cells
9.946062,0.2602695,0,T cells
-6.115118,1.6902877,3,T cells
12.68128,6.534762,1,T cells
7.163715,6.9981956,4,T cells
11.234627,3.7550957,1,T cells
10.708848,1.9589342,0,T cells
10.553476,2.1253028,0,T cells
10.054549,0.31612578,0,T cells
9.954874,1.2103504,0,T cells
12.116135,5.715221,1,T cells
14.138498,5.7825956,7,T cells
7.9221034,8.836518,2,T cells
9.823528,1.5943496,0,T cells
8.648642,5.935777,4,T cells
10.473236,0.00036633166,0,T cells
4.4924474,6.431669,5,T cells
12.005648,3.4370632,1,T cells
7.0002823,5.867973,5,T cells
-4.4326615,2.0401406,3,T cells
6.074396,5.9168706,5,T cells
11.839494,5.941824,1,T cells
10.081395,2.0088081,0,T cells
6.9219785,0.47939444,6,T cells
10.900554,4.663707,1,T cells
11.033382,6.0675154,1,T cells
9.6458025,7.373135,4,T cells
11.4286785,2.9264758,1,T cells
12.236014,4.5970273,1,T cells
7.516843,5.7642617,4,T cells
11.311253,0.23047207,0,T cells
10.399893,5.670942,1,T cells
9.446725,1.0493492,0,T cells
10.457472,0.90041226,0,T cells
12.018253,2.0526674,0,T cells
9.660533,2.2820685,0,T cells
11.486495,5.0549726,1,T cells
-4.089183,2.629772,3,T cells
-4.0733557,1.8733491,3,T cells
-4.87029,1.4776316,3,T cells
10.966584,5.325235,1,T cells
12.901475,5.5744047,1,T cells
9.319772,0.1716556,0,T cells
11.076084,2.4964764,0,T cells
9.917331,6.7473845,4,T cells
12.842343,5.2937937,1,T cells
-4.838045,2.7594745,3,T cells
12.152113,5.311586,1,T cells
-3.8921702,2.3077347,3,T cells
9.8608885,1.1136998,0,T cells
9.473724,2.4234707,0,T cells
10.713635,1.91895,0,T cells
6.3775063,8.141704,5,T cells
6.4953804,7.224858,5,T cells
-4.6935706,3.0247588,3,T cells
14.182689,5.331194,7,T cells
8.371717,10.037107,2,T cells
-5.3525476,2.4086418,3,T cells
9.447808,6.688372,4,T cells
11.593437,2.6399252,1,T cells
7.466153,8.915332,2,T cells
9.971038,3.9781654,1,T cells
6.8560233,9.412853,2,T cells
11.862603,6.8965125,1,T cells
9.954018,7.239798,4,T cells
10.501898,6.908015,4,T cells
10.203236,2.1902902,0,T cells
12.316283,7.344637,1,T cells
11.40684,0.17400463,0,T cells
11.584681,4.4746413,1,T cells
10.805894,1.9952327,0,T cells
-6.448696,2.6381664,3,T cells
8.193803,8.985491,2,T cells
5.660123,8.011808,5,T cells
10.635547,5.218293,1,T cells
9.674992,2.2376924,0,T cells
9.644962,0.9502908,0,T cells
12.391148,7.516413,1,T cells
10.804872,6.2951756,1,T cells
12.727138,6.19596,1,T cells
11.404508,6.084812,1,T cells
8.625129,-0.28464112,6,T cells
9.603161,0.93030345,0,T cells
5.92597,5.7704663,5,T cells
6.228517,8.068504,5,T cells
7.7237144,8.6651125,2,T cells
-5.5465207,3.155921,3,T cells
10.833219,7.1781807,1,T cells
-4.5839796,2.4845593,3,T cells
-3.1128955,1.6104833,3,T cells
10.579051,1.2688987,0,T cells
9.907385,-0.027004821,0,T cells
8.070028,10.22635,2,T cells
11.337254,1.8449963,0,T cells
9.459923,4.3654943,4,T cells
4.6113014,6.0212255,5,T cells
11.902706,3.8577518,1,T cells
11.990121,1.0193758,0,T cells
10.424396,4.248632,1,T cells
8.902475,0.38024694,0,T cells
11.367654,3.694278,1,T cells
6.965574,8.879935,2,T cells
9.368704,0.7827729,0,T cells
7.579413,10.501547,2,T cells
9.236126,2.4514322,0,T cells
6.4880943,9.809947,2,T cells
7.834971,9.546495,2,T cells
8.495191,5.1354775,4,T cells
9.007759,3.46766,4,T cells
10.7215605,6.5635576,1,T cells
12.294934,3.5984786,1,T cells
13.4409685,5.5525618,7,T cells
12.362348,2.295975,0,T cells
7.9889812,8.963802,2,T cells
8.645332,9.335983,2,T cells
7.3821244,0.033633273,6,T cells
11.736791,6.1546497,1,T cells
7.2383184,8.998075,2,T cells
11.779587,1.205949,0,T cells
9.459528,2.5746338,0,T cells
12.617677,4.062842,1,T cells
6.870084,0.802928,6,T cells
10.506865,4.346772,1,T cells
13.792938,5.8879194,7,T cells
11.565795,1.043136,0,T cells
6.8129516,8.502747,2,T cells
7.208438,9.814692,2,T cells
7.817832,10.133134,2,T cells
10.637567,2.8400779,0,T cells
-4.441448,1.7161312,3,T cells
9.342983,0.8399938,0,T cells
6.705763,9.090883,2,T cells
6.9425545,0.23078178,6,T cells
6.9327374,7.120484,5,T cells
6.915947,1.7362342,6,T cells
7.8675323,0.97643554,6,T cells
12.050319,6.3887405,1,T cells
11.002854,2.702529,0,T cells
6.847174,1.1646392,6,T cells
11.132206,2.1684458,0,T cells
-4.7518663,1.7375768,3,T cells
-6.0974245,3.0761464,3,T cells
9.102314,2.4406488,0,T cells
7.756213,1.9665034,6,T cells
9.480514,3.6977818,4,T cells
10.259746,-0.07225375,0,T cells
-4.845926,1.5016252,3,T cells
10.059191,3.7081878,1,T cells
-5.239221,2.796699,3,T cells
11.272267,4.165799,1,T cells
11.448768,4.5284915,1,T cells
4.73848,6.4320345,5,T cells
9.213438,1.8473421,0,T cells
7.5723586,7.997864,2,T cells
9.413393,1.9791192,0,T cells
11.172408,3.3680754,7,T cells
11.20663,0.19854645,0,T cells
12.364165,3.4453104,1,T cells
-4.511891,3.0287106,3,T cells
8.459784,0.85768104,6,T cells
6.2352314,8.0616455,5,T cells
10.574851,3.9608452,1,T cells
6.0365915,8.318812,5,T cells
13.027016,5.924041,7,T cells
11.363658,2.5087209,0,T cells
6.128162,7.4626427,5,T cells
7.729756,0.791514,6,T cells
6.986842,9.209879,2,T cells
6.541895,7.8423657,5,T cells
9.22001,5.297281,4,T cells
12.433454,4.2133164,1,T cells
13.247221,4.9528093,7,T cells
8.327896,9.912109,2,T cells
8.294634,7.8800206,2,T cells
12.373321,5.1764684,1,T cells
8.956818,2.4171193,0,T cells
10.449968,4.4078407,1,T cells
-3.7140138,2.76342,3,T cells
8.803426,0.7964262,0,T cells
-3.5820453,1.4757812,3,T cells
9.318007,2.0320325,0,T cells
8.145614,4.6707363,4,T cells
9.482079,1.2484075,0,T cells
9.752824,0.9955055,0,T cells
6.7368336,0.7130469,6,T cells
12.341543,6.4203105,1,T cells
6.9747095,0.66550475,6,T cells
11.703129,1.3145932,0,T cells
12.359636,1.6395801,0,T cells
6.7292466,8.600989,2,T cells
-6.4781194,2.6917868,3,T cells
10.74121,7.2945113,4,T cells
10.885176,5.4030027,1,T cells
-4.594143,1.8516324,3,T cells
8.0952635,10.513724,2,T cells
9.653265,3.435745,0,T cells
11.671831,5.329,1,T cells
12.219078,5.8438067,1,T cells
-4.357584,1.2062359,3,T cells
10.812842,1.9250175,0,T cells
-5.656143,2.0812228,3,T cells
8.5335245,5.4247527,4,T cells
11.882773,3.42558,1,T cells
10.317612,1.6821172,0,T cells
8.266678,6.0522842,4,T cells
12.001021,2.9911196,1,T cells
7.639952,8.728399,2,T cells
9.602634,1.1656506,0,T cells
10.536292,0.9102133,0,T cells
9.403148,7.682044,4,T cells
10.604032,-0.018884704,0,T cells
11.96501,3.0058005,1,T cells
5.3433137,5.9346924,5,T cells
12.202674,2.3545456,0,T cells
11.779186,3.7594037,1,T cells
8.343351,5.502443,4,T cells
9.249548,0.6174325,0,T cells
6.5668864,6.175877,5,T cells
-6.2761497,2.094546,3,T cells
10.682712,7.3764505,4,T cells
10.280266,0.4752749,0,T cells
10.416333,0.8803917,0,T cells
9.894407,7.510695,4,T cells
9.84005,3.5715327,1,T cells
10.870188,0.27411315,0,T cells
7.5856657,6.4463897,4,T cells
11.672346,3.425401,1,T cells
11.972273,6.8987055,1,T cells
-5.9678955,2.747578,3,T cells
-3.4427645,1.3839952,3,T cells
11.604877,0.1766399,0,T cells
7.992666,-0.19852407,6,T cells
6.962247,0.36080393,6,T cells
7.0555353,10.338229,2,T cells
12.045641,3.9868178,1,T cells
11.903792,2.3207767,0,T cells
10.408303,5.805747,4,T cells
12.086395,4.009618,1,T cells
12.079008,5.773388,1,T cells
11.006454,3.3366888,1,T cells
10.566113,1.3236897,0,T cells
11.342434,1.2013527,0,T cells
8.582696,9.676662,2,T cells
10.119539,7.716786,4,T cells
11.3588705,3.4601586,1,T cells
10.227642,5.0686607,1,T cells
7.9824743,8.743394,2,T cells
7.5039835,0.12473969,6,T cells
8.642704,9.714512,2,T cells
10.383386,2.1525168,0,T cells
7.182773,7.7147226,2,T cells
7.891945,7.8744497,2,T cells
8.067241,0.58829594,6,T cells
9.5274315,3.3754935,0,T cells
-5.5644584,1.8996875,3,T cells
-6.549543,2.250796,3,T cells
10.101671,1.3770181,0,T cells
7.403512,1.2609699,6,T cells
6.71017,9.151817,2,T cells
7.451067,6.47217,4,T cells
10.542445,-0.068081796,0,T cells
8.212306,0.72712016,6,T cells
11.702007,4.8760777,1,T cells
-5.872162,1.730022,3,T cells
4.922072,7.6069264,5,T cells
12.619235,6.0573277,1,T cells
5.745328,7.937687,5,T cells
7.135348,6.8310113,5,T cells
11.158004,0.9710669,0,T cells
8.112932,6.506117,4,T cells
4.55589,6.4237947,5,T cells
8.810674,1.9242575,0,T cells
10.621945,1.8183135,0,T cells
-5.401901,1.5025647,3,T cells
8.945484,1.366543,0,T cells
8.008394,10.559761,2,T cells
12.970071,6.380331,1,T cells
11.56458,1.1402832,0,T cells
8.178924,0.6233481,6,T cells
9.60889,6.954942,4,T cells
12.064119,6.8350315,1,T cells
